# ************************************************************
# Sequel Pro SQL dump
# Version 4541
#
# http://www.sequelpro.com/
# https://github.com/sequelpro/sequelpro
#
# Host: 127.0.0.1 (MySQL 5.7.18)
# Database: eapi
# Generation Time: 2017-11-08 04:46:17 +0000
# ************************************************************


/*!40101 SET @OLD_CHARACTER_SET_CLIENT=@@CHARACTER_SET_CLIENT */;
/*!40101 SET @OLD_CHARACTER_SET_RESULTS=@@CHARACTER_SET_RESULTS */;
/*!40101 SET @OLD_COLLATION_CONNECTION=@@COLLATION_CONNECTION */;
/*!40101 SET NAMES utf8 */;
/*!40014 SET @OLD_FOREIGN_KEY_CHECKS=@@FOREIGN_KEY_CHECKS, FOREIGN_KEY_CHECKS=0 */;
/*!40101 SET @OLD_SQL_MODE=@@SQL_MODE, SQL_MODE='NO_AUTO_VALUE_ON_ZERO' */;
/*!40111 SET @OLD_SQL_NOTES=@@SQL_NOTES, SQL_NOTES=0 */;


# Dump of table migrations
# ------------------------------------------------------------

DROP TABLE IF EXISTS `migrations`;

CREATE TABLE `migrations` (
  `id` int(10) unsigned NOT NULL AUTO_INCREMENT,
  `migration` varchar(255) COLLATE utf8mb4_unicode_ci NOT NULL,
  `batch` int(11) NOT NULL,
  PRIMARY KEY (`id`)
) ENGINE=InnoDB DEFAULT CHARSET=utf8mb4 COLLATE=utf8mb4_unicode_ci;

LOCK TABLES `migrations` WRITE;
/*!40000 ALTER TABLE `migrations` DISABLE KEYS */;

INSERT INTO `migrations` (`id`, `migration`, `batch`)
VALUES
	(1,'2014_10_12_000000_create_users_table',1),
	(2,'2014_10_12_100000_create_password_resets_table',1),
	(3,'2017_11_08_040720_create_products_table',1),
	(4,'2017_11_08_040738_create_reviews_table',1);

/*!40000 ALTER TABLE `migrations` ENABLE KEYS */;
UNLOCK TABLES;


# Dump of table password_resets
# ------------------------------------------------------------

DROP TABLE IF EXISTS `password_resets`;

CREATE TABLE `password_resets` (
  `email` varchar(255) COLLATE utf8mb4_unicode_ci NOT NULL,
  `token` varchar(255) COLLATE utf8mb4_unicode_ci NOT NULL,
  `created_at` timestamp NULL DEFAULT NULL,
  KEY `password_resets_email_index` (`email`)
) ENGINE=InnoDB DEFAULT CHARSET=utf8mb4 COLLATE=utf8mb4_unicode_ci;



# Dump of table products
# ------------------------------------------------------------

DROP TABLE IF EXISTS `products`;

CREATE TABLE `products` (
  `id` int(10) unsigned NOT NULL AUTO_INCREMENT,
  `name` varchar(255) COLLATE utf8mb4_unicode_ci NOT NULL,
  `detail` text COLLATE utf8mb4_unicode_ci NOT NULL,
  `price` int(11) NOT NULL,
  `stock` int(11) NOT NULL,
  `discount` int(11) NOT NULL,
  `created_at` timestamp NULL DEFAULT NULL,
  `updated_at` timestamp NULL DEFAULT NULL,
  PRIMARY KEY (`id`)
) ENGINE=InnoDB DEFAULT CHARSET=utf8mb4 COLLATE=utf8mb4_unicode_ci;

LOCK TABLES `products` WRITE;
/*!40000 ALTER TABLE `products` DISABLE KEYS */;

INSERT INTO `products` (`id`, `name`, `detail`, `price`, `stock`, `discount`, `created_at`, `updated_at`)
VALUES
	(1,'dolore','Laboriosam qui nesciunt fugit eum est ut ut. Explicabo omnis minus ut praesentium beatae eos. Numquam enim est magnam velit est eum. A quia pariatur sit.',953,1,22,'2017-11-08 04:44:48','2017-11-08 04:44:48'),
	(2,'magnam','Nemo placeat qui deleniti. Architecto dolores blanditiis alias eveniet nisi. Consectetur et earum saepe architecto voluptas. Aut aut soluta corrupti amet dolore.',971,9,6,'2017-11-08 04:44:48','2017-11-08 04:44:48'),
	(3,'eius','Dolore veritatis veniam consequuntur officia similique. Totam rerum perspiciatis voluptatem labore.',483,7,24,'2017-11-08 04:44:48','2017-11-08 04:44:48'),
	(4,'totam','Ratione aut ut molestiae quod tenetur accusamus ut voluptatem. Optio natus molestiae molestias. Aspernatur voluptatum velit nemo.',404,4,17,'2017-11-08 04:44:48','2017-11-08 04:44:48'),
	(5,'ea','Recusandae repudiandae alias nam voluptate. Quia et quia rerum qui qui doloremque omnis. Architecto est harum vel quia similique rerum quo.',440,8,25,'2017-11-08 04:44:48','2017-11-08 04:44:48'),
	(6,'autem','Occaecati et nisi tenetur quam unde error qui. Dicta earum earum quis aut consequuntur ullam. Dolor facilis laudantium rem deleniti at. Laboriosam nemo aut officia doloremque sit explicabo quam.',948,5,22,'2017-11-08 04:44:48','2017-11-08 04:44:48'),
	(7,'tenetur','Est optio aut sunt omnis aliquam consequatur. Fugit quibusdam ducimus omnis et omnis. Exercitationem nulla iusto tempora cum sit voluptas cumque. Illum qui sed aut facilis qui et.',792,2,10,'2017-11-08 04:44:48','2017-11-08 04:44:48'),
	(8,'commodi','Nesciunt sint at praesentium atque facilis aspernatur. Similique nihil perspiciatis dolorum officiis ad quam.',395,3,25,'2017-11-08 04:44:48','2017-11-08 04:44:48'),
	(9,'reprehenderit','Magni quod sit voluptatem. Quod nobis suscipit laudantium eligendi. Et doloremque aliquid deleniti in inventore animi laborum at.',597,2,20,'2017-11-08 04:44:48','2017-11-08 04:44:48'),
	(10,'ab','Illum voluptatem veniam quis sapiente sequi nemo dolorem. Consequatur qui consequuntur qui aut magnam. Voluptatem et reiciendis perspiciatis autem id animi deleniti. Occaecati natus magnam quo quisquam veniam.',827,4,25,'2017-11-08 04:44:48','2017-11-08 04:44:48'),
	(11,'qui','Hic exercitationem autem quaerat ducimus eius aut quia. Aliquam sapiente optio saepe id et explicabo. Sunt dolorem aperiam quia voluptas adipisci.',423,7,18,'2017-11-08 04:44:48','2017-11-08 04:44:48'),
	(12,'blanditiis','Nulla nostrum temporibus sed consequuntur doloremque. Ut iste dolore id voluptatem quia aspernatur. Aliquid ut esse voluptatibus est. Dolores quasi omnis voluptatum iusto eius debitis laborum.',146,2,21,'2017-11-08 04:44:48','2017-11-08 04:44:48'),
	(13,'magni','Ut atque ut et dolorem qui aut. Distinctio est incidunt quas enim. Consequatur ratione mollitia officia. Exercitationem et mollitia nihil et.',651,4,25,'2017-11-08 04:44:48','2017-11-08 04:44:48'),
	(14,'numquam','Accusantium temporibus optio culpa qui. Dolore sapiente dolores perspiciatis eos provident dolorem. Consequatur aut exercitationem neque voluptas et accusamus suscipit.',107,8,25,'2017-11-08 04:44:48','2017-11-08 04:44:48'),
	(15,'eos','Ut alias provident sint odio. Tenetur impedit aspernatur inventore est vero minus rerum. Nostrum quibusdam molestias voluptas ad culpa qui enim. Quidem debitis et magni sint accusamus voluptas laborum.',460,5,8,'2017-11-08 04:44:48','2017-11-08 04:44:48'),
	(16,'fugiat','Sapiente sequi dolorum est sed est. Quibusdam similique vel deleniti vel aut.',893,5,4,'2017-11-08 04:44:48','2017-11-08 04:44:48'),
	(17,'autem','Iusto sed aut sequi autem maiores esse sed. Quod magni sint esse. Possimus et et illo aspernatur ipsum quod. Nesciunt placeat est eveniet inventore molestiae porro consequatur.',797,9,16,'2017-11-08 04:44:48','2017-11-08 04:44:48'),
	(18,'a','Est ipsam rem vel. Debitis impedit exercitationem et vitae beatae qui veritatis voluptatem. Assumenda earum natus modi porro illo. Est omnis qui eos aliquid praesentium eligendi provident.',426,2,11,'2017-11-08 04:44:48','2017-11-08 04:44:48'),
	(19,'sed','Et ipsam dolores labore odio voluptatem ex. Unde enim temporibus alias eum laborum doloribus. Delectus qui modi esse et unde est quia. Nobis qui blanditiis exercitationem culpa quae ducimus.',811,2,7,'2017-11-08 04:44:48','2017-11-08 04:44:48'),
	(20,'sed','Ea repellendus recusandae cupiditate qui aut. Et nostrum quas magni quasi. Exercitationem delectus consequatur quasi ea unde doloribus nihil.',338,1,13,'2017-11-08 04:44:48','2017-11-08 04:44:48'),
	(21,'aut','Excepturi dolorem maiores dolor nesciunt. Voluptatem vero nisi beatae ut magnam. Earum qui qui et velit alias ullam.',619,3,25,'2017-11-08 04:44:48','2017-11-08 04:44:48'),
	(22,'totam','Saepe aspernatur placeat maxime harum optio. Vel sint est libero impedit dolor praesentium. Voluptate est placeat ut aperiam.',260,5,13,'2017-11-08 04:44:48','2017-11-08 04:44:48'),
	(23,'aut','Eum voluptas architecto est eveniet commodi. Consequuntur odio accusamus autem ut eos laboriosam quis. Voluptas aut ut autem eos corporis veniam vitae.',923,0,30,'2017-11-08 04:44:48','2017-11-08 04:44:48'),
	(24,'praesentium','Et corporis qui rerum quos quod atque. Esse eum alias porro similique. Quam quia rerum ipsa earum molestiae est. In omnis error accusantium.',974,5,13,'2017-11-08 04:44:48','2017-11-08 04:44:48'),
	(25,'delectus','Cumque dolor hic enim. Eligendi facilis delectus velit accusamus sunt eligendi ipsum. Tempore magnam placeat quos maiores.',529,7,10,'2017-11-08 04:44:48','2017-11-08 04:44:48'),
	(26,'illum','Ad adipisci nulla voluptatem. Dolore odio eligendi voluptas suscipit ut accusantium qui. Est omnis ipsam harum fugiat iure voluptatibus veniam. Ut id hic non quidem.',923,9,8,'2017-11-08 04:44:48','2017-11-08 04:44:48'),
	(27,'esse','Fugit fugiat eius eum consequatur in quasi. Voluptas sit recusandae vel qui vel aperiam sit. Quas est aut fugit quas accusantium quia.',818,5,7,'2017-11-08 04:44:48','2017-11-08 04:44:48'),
	(28,'unde','Pariatur iste consequatur dignissimos atque rerum ut. In sit aut sit dolor.',659,6,25,'2017-11-08 04:44:48','2017-11-08 04:44:48'),
	(29,'quia','Enim quis officia asperiores aut et. Neque voluptates aspernatur et consequatur. Praesentium porro ullam nihil iusto sed voluptate.',654,4,5,'2017-11-08 04:44:48','2017-11-08 04:44:48'),
	(30,'ea','Beatae aut enim fuga ullam incidunt aut sapiente. Rerum sit reiciendis repudiandae dolores architecto voluptatum perferendis. Ducimus qui animi esse vitae consequatur quisquam dicta.',729,0,11,'2017-11-08 04:44:48','2017-11-08 04:44:48'),
	(31,'aliquid','Sed consequatur sunt sit tempora qui itaque. Itaque quae repellat repudiandae consequatur velit. Nobis quibusdam minima sint hic. Iure in enim consectetur ut ut cum ipsa cum.',101,6,3,'2017-11-08 04:44:48','2017-11-08 04:44:48'),
	(32,'omnis','Culpa similique quis non voluptas. Soluta totam sit veniam. Voluptates est sed laboriosam.',557,4,10,'2017-11-08 04:44:48','2017-11-08 04:44:48'),
	(33,'aut','Aut aut sed dolor tempora consequatur est voluptatibus. Quia iusto corrupti facilis numquam. Tempora ut quo fuga nostrum accusamus.',929,1,24,'2017-11-08 04:44:48','2017-11-08 04:44:48'),
	(34,'assumenda','Deleniti tempora eum et libero perferendis cumque. Praesentium iusto officiis harum deserunt. Ut impedit magni dolor quia saepe ullam harum. Ad aliquid autem et necessitatibus beatae sunt qui autem.',602,5,26,'2017-11-08 04:44:48','2017-11-08 04:44:48'),
	(35,'consequuntur','Iure qui ipsam doloribus perferendis aut. Sunt animi ut earum placeat voluptatem molestiae in dolorem. Nostrum quia quo sequi rerum.',892,0,14,'2017-11-08 04:44:48','2017-11-08 04:44:48'),
	(36,'repellat','Cumque eaque soluta blanditiis aut sed. Inventore dolore eum laboriosam vel nam sed architecto a. Qui cum quod dolores nesciunt.',635,4,9,'2017-11-08 04:44:48','2017-11-08 04:44:48'),
	(37,'non','Velit dolorem veritatis consectetur. Ut quia dolores nihil et. Perspiciatis quia dolorem numquam ut voluptatem similique.',315,7,9,'2017-11-08 04:44:48','2017-11-08 04:44:48'),
	(38,'cum','Omnis et pariatur est voluptatem omnis. Sit earum fuga et rerum vel culpa. Omnis voluptatem et sint veritatis optio possimus incidunt quia.',836,6,6,'2017-11-08 04:44:48','2017-11-08 04:44:48'),
	(39,'atque','Ratione voluptatibus maxime reprehenderit porro rerum nobis. Nemo natus reiciendis dolorum enim blanditiis eius. Laborum sit ut voluptatem quas qui ex.',822,5,22,'2017-11-08 04:44:48','2017-11-08 04:44:48'),
	(40,'numquam','Error sit maxime delectus eos. Aspernatur similique ut doloremque quidem.',650,2,24,'2017-11-08 04:44:48','2017-11-08 04:44:48'),
	(41,'saepe','Et qui a dolor voluptatem maiores. Molestias quo facere quas earum beatae dolor. Voluptatem perferendis ad qui. Mollitia id necessitatibus hic voluptatem.',211,7,28,'2017-11-08 04:44:48','2017-11-08 04:44:48'),
	(42,'et','Non odio quos odit impedit. Et ullam omnis id at praesentium. Dolores quaerat animi cupiditate.',766,2,3,'2017-11-08 04:44:48','2017-11-08 04:44:48'),
	(43,'tempore','Amet velit culpa commodi voluptatibus architecto. Tenetur nihil vel incidunt voluptas.',261,3,16,'2017-11-08 04:44:48','2017-11-08 04:44:48'),
	(44,'facere','Neque explicabo aut consequatur rerum soluta. Consequuntur et provident et. At quod id accusantium necessitatibus corporis.',247,1,22,'2017-11-08 04:44:48','2017-11-08 04:44:48'),
	(45,'officia','Dignissimos in dolor earum autem ipsum molestiae. Fugiat magnam qui quasi temporibus rerum. Temporibus voluptatem at voluptatem esse nobis.',893,7,13,'2017-11-08 04:44:48','2017-11-08 04:44:48'),
	(46,'non','Sed deleniti vel fugiat commodi enim et. Omnis mollitia dolor et animi beatae qui ab. Reprehenderit quaerat necessitatibus labore perspiciatis velit earum. Tenetur et facilis consequatur.',536,7,10,'2017-11-08 04:44:48','2017-11-08 04:44:48'),
	(47,'corporis','Itaque ducimus omnis aut cupiditate aut nobis. Quam accusantium doloremque laboriosam. Reprehenderit nam doloremque rem iure laudantium qui. Aliquid architecto et culpa esse nostrum voluptas. Vel nisi temporibus et placeat.',938,7,24,'2017-11-08 04:44:48','2017-11-08 04:44:48'),
	(48,'rem','Voluptas minima eos ea. Nostrum veniam ut quidem facilis aliquid est nisi. Eos sunt est et fugiat expedita minus est. Ullam velit sunt adipisci voluptas ea voluptate consequatur.',200,6,10,'2017-11-08 04:44:48','2017-11-08 04:44:48'),
	(49,'quo','Quia incidunt illo atque dignissimos praesentium. Et sit dolores perspiciatis pariatur. Et dolor laborum officiis ea et et dolorem.',112,6,19,'2017-11-08 04:44:48','2017-11-08 04:44:48'),
	(50,'pariatur','Cupiditate est architecto amet esse minus itaque. Molestias dolores ut quaerat dignissimos quia cumque veritatis. In ipsum consequatur nesciunt ullam assumenda deserunt fuga.',303,3,10,'2017-11-08 04:44:48','2017-11-08 04:44:48'),
	(51,'aut','Voluptatibus dolores sit dolorum eveniet tenetur quae. Qui dolorem ipsam ut aperiam a perferendis et. Officiis autem sint voluptatibus non ut animi. Suscipit ab nulla fugit voluptatem a cum.',552,4,30,'2017-11-08 04:45:10','2017-11-08 04:45:10'),
	(52,'eius','Nostrum et et soluta. Quis sed reprehenderit iste et nesciunt. Aspernatur ipsum quasi repellendus. Est dolorem dolorem quidem sint.',293,1,27,'2017-11-08 04:45:10','2017-11-08 04:45:10'),
	(53,'accusamus','Distinctio praesentium vel autem exercitationem nesciunt sit. Et distinctio incidunt aperiam quia ut. Nulla pariatur molestias libero qui id est maxime. Aut eum delectus ut accusamus suscipit quidem.',926,4,14,'2017-11-08 04:45:10','2017-11-08 04:45:10'),
	(54,'earum','Non officia dolorum et et blanditiis deserunt cupiditate. Non a ut nisi hic hic officia quis. Tempore occaecati praesentium aut odit omnis id occaecati. Aut eos amet enim molestiae sit.',148,6,2,'2017-11-08 04:45:10','2017-11-08 04:45:10'),
	(55,'voluptate','Modi mollitia eum et est ex. Accusantium molestiae voluptas quis odio natus. Excepturi qui quia iste et nulla minima. Alias dolore aut dolorum eos qui ab rerum in.',870,9,21,'2017-11-08 04:45:10','2017-11-08 04:45:10'),
	(56,'modi','Voluptatibus ut voluptate commodi omnis sunt. Corrupti cumque sit ut et cumque quod a iure. Tempora et minus ut eos. Ipsum voluptate doloribus hic facilis dicta itaque qui vero. Sunt ullam ipsam nostrum et neque.',164,9,13,'2017-11-08 04:45:10','2017-11-08 04:45:10'),
	(57,'sit','Non repellat fugiat dignissimos doloribus quisquam itaque. Esse nostrum sequi qui harum. Sunt sunt omnis enim iste soluta. Ea ex consequatur excepturi.',617,6,4,'2017-11-08 04:45:10','2017-11-08 04:45:10'),
	(58,'qui','Dolorem eaque magni vel praesentium dolorem quae dolores. Rerum nostrum et sed ea natus ut voluptatum. Nesciunt placeat minima autem beatae non quia.',832,0,28,'2017-11-08 04:45:10','2017-11-08 04:45:10'),
	(59,'ut','Animi et repudiandae consequatur quaerat similique et temporibus. Facilis non ullam dolorum enim nobis in. Eum beatae reiciendis at aut voluptatem. Esse exercitationem eligendi omnis aut libero itaque laborum rerum. Officia exercitationem porro officia laborum.',537,3,22,'2017-11-08 04:45:10','2017-11-08 04:45:10'),
	(60,'saepe','Consectetur numquam atque ad odit. Sit aspernatur veritatis ipsa. Culpa reiciendis non facilis ex sed soluta fuga. Ut cum labore voluptas aut.',700,4,13,'2017-11-08 04:45:10','2017-11-08 04:45:10'),
	(61,'quisquam','A autem consequatur dolor praesentium. Blanditiis aspernatur iure voluptas quis quasi voluptas odit. Repudiandae expedita consequatur repudiandae cupiditate.',585,4,29,'2017-11-08 04:45:10','2017-11-08 04:45:10'),
	(62,'sequi','Odio aliquid omnis necessitatibus aut aut. Assumenda occaecati voluptas animi voluptatem similique sit. Consequatur pariatur enim ipsam enim tenetur. Quos hic sed necessitatibus possimus sunt neque qui non.',593,1,2,'2017-11-08 04:45:10','2017-11-08 04:45:10'),
	(63,'quo','Beatae in sit earum aliquam rerum aliquid. Eos reiciendis autem esse consequuntur eum et pariatur est. Quia animi quod illum quasi id error quos.',331,2,29,'2017-11-08 04:45:10','2017-11-08 04:45:10'),
	(64,'minima','Quae et quidem reiciendis aut illum. Eius illo praesentium repudiandae eligendi sed quasi. Ex nesciunt incidunt voluptatem.',519,9,10,'2017-11-08 04:45:10','2017-11-08 04:45:10'),
	(65,'expedita','Facilis nam qui quis ratione possimus. Aliquam voluptas sunt sint.',159,0,11,'2017-11-08 04:45:10','2017-11-08 04:45:10'),
	(66,'quos','Delectus consectetur consectetur odio consectetur. Omnis ut laudantium at eligendi qui rerum corrupti. Delectus nam voluptates excepturi esse ea beatae voluptatem. Ipsam provident beatae magni quibusdam veniam eveniet voluptatibus sit.',922,2,20,'2017-11-08 04:45:10','2017-11-08 04:45:10'),
	(67,'maiores','Et illum consequatur autem voluptas debitis. Aliquid neque non vel. Amet numquam maiores dignissimos eius. Corrupti qui velit qui.',320,4,11,'2017-11-08 04:45:10','2017-11-08 04:45:10'),
	(68,'expedita','Libero aliquam enim autem dolorem ipsa. Et deleniti maxime odio. Odit praesentium deserunt eos et quibusdam.',681,4,19,'2017-11-08 04:45:10','2017-11-08 04:45:10'),
	(69,'eum','Non odio saepe voluptas tempora est. Velit et magnam voluptas.',120,6,17,'2017-11-08 04:45:10','2017-11-08 04:45:10'),
	(70,'eligendi','Suscipit error dolor odit quia fuga. Quam voluptas dignissimos sit similique aut ea corporis. Praesentium velit velit animi suscipit omnis debitis cumque nisi. Fugit consequatur eaque iure est facere dignissimos voluptatem. In est eum velit quia veritatis.',503,3,2,'2017-11-08 04:45:10','2017-11-08 04:45:10'),
	(71,'at','Ut aut pariatur in similique reprehenderit ad saepe quis. Aliquam ut velit alias sint est. Deleniti et minima ducimus aliquam aliquid quaerat.',828,0,21,'2017-11-08 04:45:10','2017-11-08 04:45:10'),
	(72,'beatae','Neque soluta et rem voluptas. Possimus a placeat quam doloremque illo ipsum. Unde aut praesentium eum totam molestias sint praesentium.',423,5,24,'2017-11-08 04:45:10','2017-11-08 04:45:10'),
	(73,'ut','Adipisci vel cum est quaerat. Ducimus rerum voluptatem dolores quae soluta voluptas. Non dolorum sunt perspiciatis non reprehenderit.',206,3,21,'2017-11-08 04:45:10','2017-11-08 04:45:10'),
	(74,'quo','Suscipit architecto culpa est. Culpa magnam omnis veniam. Accusamus voluptas aspernatur qui voluptas hic qui. Consequuntur qui ad perferendis.',274,1,3,'2017-11-08 04:45:10','2017-11-08 04:45:10'),
	(75,'corporis','Esse in dignissimos fuga magnam omnis temporibus voluptatibus aut. Quas reiciendis veritatis tempore natus perferendis quas voluptatum.',144,5,21,'2017-11-08 04:45:10','2017-11-08 04:45:10'),
	(76,'ea','Eos eos voluptatem qui quasi exercitationem sit. Est eaque est ab dolorem ex doloremque. Sit qui excepturi quia aliquid quia dolorem occaecati.',717,7,5,'2017-11-08 04:45:10','2017-11-08 04:45:10'),
	(77,'repudiandae','Consequuntur et repellendus aperiam repudiandae corrupti. Quidem omnis excepturi vero ut nulla nemo. Consequuntur doloribus quibusdam debitis. Nisi voluptatem voluptates et.',259,1,5,'2017-11-08 04:45:10','2017-11-08 04:45:10'),
	(78,'quia','Aut in voluptas eligendi ipsam est. Sapiente at velit harum occaecati aut ipsam alias ut.',610,6,17,'2017-11-08 04:45:10','2017-11-08 04:45:10'),
	(79,'ratione','Sit ab et quam et. Similique fuga dolorem vitae.',985,7,29,'2017-11-08 04:45:10','2017-11-08 04:45:10'),
	(80,'cum','Ratione vel est et et qui eos ut. Quisquam sint et aperiam quibusdam qui natus. Iste beatae optio ea quas quis. Qui distinctio sapiente qui qui.',828,0,7,'2017-11-08 04:45:10','2017-11-08 04:45:10'),
	(81,'est','Qui dolor similique consequuntur sequi est. Aliquid sed nihil suscipit culpa. Qui et blanditiis quam ipsam est est.',596,5,22,'2017-11-08 04:45:10','2017-11-08 04:45:10'),
	(82,'assumenda','Recusandae iure occaecati consequatur et enim reiciendis. Soluta ea ea quis eos quia corrupti maxime. Doloribus quia officiis delectus reiciendis.',836,1,13,'2017-11-08 04:45:10','2017-11-08 04:45:10'),
	(83,'optio','Fugit qui voluptatem et. Et at minus natus vel qui eveniet vel tempora. Aut explicabo ad qui tempore voluptatem et. Autem aperiam dolorem voluptatem cum voluptatem ea fuga.',656,9,18,'2017-11-08 04:45:10','2017-11-08 04:45:10'),
	(84,'consequuntur','Est aut amet impedit omnis accusantium sequi itaque. Sit occaecati alias cum sit perferendis. Optio aut perferendis sapiente libero explicabo.',249,1,2,'2017-11-08 04:45:10','2017-11-08 04:45:10'),
	(85,'veritatis','Nam earum in id. Eos voluptatem voluptatem laboriosam accusamus corporis.',387,9,6,'2017-11-08 04:45:10','2017-11-08 04:45:10'),
	(86,'facere','Est quo asperiores placeat vel tempora. Ea quisquam tempora velit sit iste numquam. Sed vero quo quaerat dolores sit. Omnis voluptatem quidem nisi dignissimos.',452,8,17,'2017-11-08 04:45:10','2017-11-08 04:45:10'),
	(87,'dicta','Facilis aliquid facilis deserunt deserunt vitae odio tempora. Qui nemo dignissimos et est nihil non ipsam. Quia a vel in ut sint magnam et. Ut ratione dicta voluptatem atque.',815,8,8,'2017-11-08 04:45:10','2017-11-08 04:45:10'),
	(88,'labore','Et voluptatum autem in ut. Suscipit doloribus nisi quidem commodi quo eos minus. Debitis aut ut ipsum modi magnam velit.',582,4,12,'2017-11-08 04:45:10','2017-11-08 04:45:10'),
	(89,'inventore','Doloremque voluptatum enim fuga velit explicabo aspernatur. Repudiandae suscipit voluptatem voluptates eum.',346,3,19,'2017-11-08 04:45:10','2017-11-08 04:45:10'),
	(90,'sit','Quisquam dolorem inventore est aut est omnis. Minus in voluptatem officiis consequatur ratione.',128,9,23,'2017-11-08 04:45:10','2017-11-08 04:45:10'),
	(91,'rerum','Aut iure aut quis quia itaque. Quo quas omnis accusamus sed temporibus sit. Illo amet et et vel rerum inventore rem autem. Vel molestiae necessitatibus deserunt perspiciatis.',614,2,25,'2017-11-08 04:45:10','2017-11-08 04:45:10'),
	(92,'omnis','Eum at quisquam tenetur aperiam tenetur. Aut harum eos et doloribus ab nobis et. Omnis accusantium deleniti voluptas in harum tenetur ipsam.',172,5,24,'2017-11-08 04:45:10','2017-11-08 04:45:10'),
	(93,'nihil','Sit voluptas sed unde eveniet exercitationem vel. Ad eum quis omnis quo. Facere et sequi veniam fugit dolorem aut vero eos.',279,8,14,'2017-11-08 04:45:10','2017-11-08 04:45:10'),
	(94,'id','Itaque eligendi sit rem quia aut explicabo. Nihil ut eos inventore. Dolores hic esse voluptatum aut.',242,3,19,'2017-11-08 04:45:10','2017-11-08 04:45:10'),
	(95,'quo','Consequatur ut quam quaerat aliquam recusandae voluptates. Est alias explicabo nostrum perferendis eius officiis. Aut expedita sint facere ad ea voluptates.',859,5,27,'2017-11-08 04:45:10','2017-11-08 04:45:10'),
	(96,'aut','Veniam pariatur autem veniam amet et sapiente rerum. Quam autem impedit impedit esse. Eveniet quos harum accusantium consectetur modi repellat consequatur qui. Excepturi enim nihil ut ut corporis odit.',265,3,20,'2017-11-08 04:45:10','2017-11-08 04:45:10'),
	(97,'ipsam','Est tempore expedita hic unde neque. Fuga sequi nemo facilis sit ut eveniet illo. Quo enim doloribus quo ut atque.',649,9,13,'2017-11-08 04:45:10','2017-11-08 04:45:10'),
	(98,'ad','Atque dolores aut aspernatur quae. Sint et et magnam. Consequatur excepturi consectetur dolor exercitationem iure atque et. Excepturi pariatur totam eum unde sapiente qui non.',439,4,7,'2017-11-08 04:45:10','2017-11-08 04:45:10'),
	(99,'saepe','Aut voluptas voluptatem qui commodi ipsam sunt mollitia. Velit aperiam reprehenderit aperiam. Assumenda odit quae necessitatibus id omnis qui. Rerum qui et fuga vitae quasi velit ducimus harum.',844,2,7,'2017-11-08 04:45:10','2017-11-08 04:45:10'),
	(100,'saepe','Et est quasi rerum. Deserunt enim nihil saepe id repudiandae dicta aut. Maxime dolor in eligendi rerum quas. Ab non non recusandae odit reiciendis voluptatem.',368,0,13,'2017-11-08 04:45:10','2017-11-08 04:45:10');

/*!40000 ALTER TABLE `products` ENABLE KEYS */;
UNLOCK TABLES;


# Dump of table reviews
# ------------------------------------------------------------

DROP TABLE IF EXISTS `reviews`;

CREATE TABLE `reviews` (
  `id` int(10) unsigned NOT NULL AUTO_INCREMENT,
  `product_id` int(10) unsigned NOT NULL,
  `customer` varchar(255) COLLATE utf8mb4_unicode_ci NOT NULL,
  `review` text COLLATE utf8mb4_unicode_ci NOT NULL,
  `star` int(11) NOT NULL,
  `created_at` timestamp NULL DEFAULT NULL,
  `updated_at` timestamp NULL DEFAULT NULL,
  PRIMARY KEY (`id`),
  KEY `reviews_product_id_index` (`product_id`),
  CONSTRAINT `reviews_product_id_foreign` FOREIGN KEY (`product_id`) REFERENCES `products` (`id`) ON DELETE CASCADE
) ENGINE=InnoDB DEFAULT CHARSET=utf8mb4 COLLATE=utf8mb4_unicode_ci;

LOCK TABLES `reviews` WRITE;
/*!40000 ALTER TABLE `reviews` DISABLE KEYS */;

INSERT INTO `reviews` (`id`, `product_id`, `customer`, `review`, `star`, `created_at`, `updated_at`)
VALUES
	(1,63,'Florencio Weimann','Velit iste mollitia itaque eligendi aut. Eius quis modi dolore doloremque quidem repellendus nulla accusamus. Atque quia non voluptatibus id. Maiores quasi voluptas ex sunt accusantium odit.',1,'2017-11-08 04:45:12','2017-11-08 04:45:12'),
	(2,52,'Fatima Walker','Animi atque ipsum necessitatibus est velit ut. Id qui reiciendis sit eum et optio.',2,'2017-11-08 04:45:12','2017-11-08 04:45:12'),
	(3,18,'Matilde Jaskolski','Hic odio qui excepturi. Autem minima fuga voluptatem. Necessitatibus ut aut laudantium nam ut autem consequatur ipsum. Et architecto in provident aliquid in adipisci reiciendis. Autem et magni numquam neque.',2,'2017-11-08 04:45:12','2017-11-08 04:45:12'),
	(4,97,'Mr. Gunnar Ward I','Aliquam dignissimos explicabo ab sed et est. Ad eligendi nihil illo id blanditiis velit possimus. Consequatur perferendis impedit ut error.',1,'2017-11-08 04:45:12','2017-11-08 04:45:12'),
	(5,96,'Milo Parker IV','Ea voluptatem tempore nobis temporibus cumque. Ad eum fugit ut est natus. Accusamus esse nostrum ratione dignissimos ea vel. Doloribus facere veniam modi ut ut nam iste. Aut autem fugiat molestias at non neque.',5,'2017-11-08 04:45:12','2017-11-08 04:45:12'),
	(6,70,'Dianna Marks','Dolorem quibusdam consequatur voluptate debitis. Cumque quidem maxime eos quia totam ut. Libero vitae amet sunt autem est rerum. Accusamus sequi doloremque sed molestias.',0,'2017-11-08 04:45:12','2017-11-08 04:45:12'),
	(7,62,'Ilene Stanton','Ipsam nulla natus qui magni voluptas. Itaque ipsa delectus qui vel. Qui sit reiciendis fugit et.',4,'2017-11-08 04:45:12','2017-11-08 04:45:12'),
	(8,57,'Dr. Russell Davis','Vero libero cumque quia nulla. Veniam reiciendis in nesciunt possimus eligendi molestiae. Totam aliquam accusantium sit ut fugit perferendis.',0,'2017-11-08 04:45:12','2017-11-08 04:45:12'),
	(9,62,'Ana Bogisich','Laudantium vero magnam sed deserunt voluptatibus. Est sit consequatur voluptates at eius. Laborum quo in qui quia quod voluptatum. Voluptas voluptatum minima et aut consectetur.',4,'2017-11-08 04:45:12','2017-11-08 04:45:12'),
	(10,36,'Waino Olson','Doloremque repudiandae maxime dignissimos perspiciatis nihil optio voluptates accusamus. Esse iusto delectus unde ex et ducimus.',5,'2017-11-08 04:45:12','2017-11-08 04:45:12'),
	(11,1,'Mr. Paris Powlowski MD','Enim amet ratione dolorum voluptatibus et vero reprehenderit. Provident perferendis aut non blanditiis aut. Aperiam odit cum consectetur et voluptatem.',5,'2017-11-08 04:45:12','2017-11-08 04:45:12'),
	(12,46,'Garnet Bernhard MD','Corporis ad amet rerum et. Porro qui quas et corrupti fuga vitae. Molestiae iusto error fugit voluptas. Ex deleniti dolorem placeat veritatis rerum illo.',3,'2017-11-08 04:45:12','2017-11-08 04:45:12'),
	(13,10,'Emmitt Hilll','Nemo et porro et repellat labore sit ipsam. Eos officia animi distinctio rerum tenetur. Odio eos saepe unde libero voluptas. Nisi omnis earum veritatis quo quibusdam atque.',5,'2017-11-08 04:45:12','2017-11-08 04:45:12'),
	(14,93,'Don Hintz','Possimus aspernatur sit sit voluptatem et. Inventore dolorem in consectetur id quisquam quia. Sapiente quia corporis nisi ut voluptas.',2,'2017-11-08 04:45:12','2017-11-08 04:45:12'),
	(15,92,'Whitney Hoppe','Omnis est consequuntur atque deserunt aut. Aut aut mollitia molestiae voluptatem. Quae dicta tempore dolorum et sunt cum ea molestiae.',1,'2017-11-08 04:45:12','2017-11-08 04:45:12'),
	(16,47,'Prof. Isaiah Mueller Jr.','Consequatur labore voluptates laborum possimus. Rerum sunt ea nostrum et rerum adipisci ut. Adipisci ipsam voluptate aspernatur ad ut necessitatibus. Quos adipisci harum ut.',5,'2017-11-08 04:45:12','2017-11-08 04:45:12'),
	(17,21,'Dr. Edyth Douglas','Aut qui sapiente in. Quis nulla rerum qui quis. Exercitationem sapiente velit corrupti possimus et est.',2,'2017-11-08 04:45:12','2017-11-08 04:45:12'),
	(18,92,'Arnaldo Dare','Eos facilis excepturi voluptas itaque mollitia nihil. Quis consequuntur eos non nihil facere doloribus. Illum alias at voluptas laudantium quos quidem possimus. Aut est modi fugiat cumque possimus consequatur.',1,'2017-11-08 04:45:12','2017-11-08 04:45:12'),
	(19,79,'Larue Jones','Reiciendis nostrum sapiente rerum veritatis consequatur. Eligendi accusantium libero eos inventore molestias accusantium delectus. Eos voluptatem libero officiis explicabo optio et ducimus nulla. Autem et aut consequatur debitis eligendi consequatur voluptas.',4,'2017-11-08 04:45:12','2017-11-08 04:45:12'),
	(20,2,'Tamia Brekke','Aut corrupti praesentium dolor aliquid. Quas laudantium minus cumque mollitia cum omnis est. Dolores corrupti ut laudantium quasi voluptas itaque. Magni neque neque et repudiandae.',4,'2017-11-08 04:45:12','2017-11-08 04:45:12'),
	(21,79,'Kadin Kiehn','Quas quos animi ducimus et sed. Ratione sed molestiae et totam. Omnis eos inventore aspernatur delectus officia impedit temporibus repellendus.',0,'2017-11-08 04:45:12','2017-11-08 04:45:12'),
	(22,85,'Madie Hamill','Non autem saepe corrupti occaecati fuga odit voluptate. Illo hic non rem. Quibusdam repellat ut qui labore saepe reiciendis. Corporis rerum id dolor aliquid asperiores voluptatem.',4,'2017-11-08 04:45:12','2017-11-08 04:45:12'),
	(23,64,'Martine Johnson','Alias iste et voluptates tempora est. Voluptatibus tempore praesentium accusamus praesentium qui.',0,'2017-11-08 04:45:12','2017-11-08 04:45:12'),
	(24,69,'Josh Fay','Optio possimus quia sapiente. Amet et provident maiores autem similique et quaerat. Quaerat quis voluptate aliquid et nam autem. Reprehenderit voluptate neque aperiam cumque quia.',2,'2017-11-08 04:45:12','2017-11-08 04:45:12'),
	(25,91,'Mrs. Yessenia Swaniawski PhD','Exercitationem autem in aut aut molestiae. Velit rem voluptas et itaque et sint laboriosam. Eius omnis cum ut distinctio deleniti in occaecati voluptatem. Optio dolorem officia perferendis sunt quae et corporis cupiditate.',2,'2017-11-08 04:45:12','2017-11-08 04:45:12'),
	(26,100,'Kara Heller','Reiciendis ducimus ipsam veritatis dolor. Harum in sunt quos. Mollitia voluptas nam non. Hic earum fugit ad et cupiditate.',3,'2017-11-08 04:45:12','2017-11-08 04:45:12'),
	(27,40,'Reanna Ziemann','Iusto aut molestiae reprehenderit est. Odio explicabo ipsum consectetur. Asperiores fugiat tempore iste ullam.',3,'2017-11-08 04:45:12','2017-11-08 04:45:12'),
	(28,35,'Rudy Murray','Necessitatibus est et et. Qui voluptate cumque id dolor ea. Vero laudantium molestias aliquid ad alias corrupti ut dolores. Repudiandae suscipit id nostrum pariatur.',2,'2017-11-08 04:45:12','2017-11-08 04:45:12'),
	(29,5,'Syble Eichmann','Rerum maiores iste voluptatem ex et delectus non. Doloremque sequi quam quibusdam dolor quam optio. Qui facilis in placeat voluptates.',4,'2017-11-08 04:45:12','2017-11-08 04:45:12'),
	(30,91,'Thea Larson','Qui hic iste corporis saepe. Quaerat molestias perspiciatis omnis. Quibusdam sit consequatur debitis laborum repellat. Repellendus sint voluptatem sed ducimus laboriosam non qui officia.',3,'2017-11-08 04:45:12','2017-11-08 04:45:12'),
	(31,58,'Skylar Schaefer','Autem odit laudantium doloremque repudiandae et esse aut. Ut rerum molestias veniam magnam. Et quos laudantium non asperiores qui id id.',5,'2017-11-08 04:45:12','2017-11-08 04:45:12'),
	(32,23,'Clarabelle McGlynn','Fuga odit aliquid qui doloribus quas id porro. Molestiae dolorem nobis neque illum. Ea nam sunt sunt et error dolore nemo repellat. Et atque in vel quasi totam provident.',4,'2017-11-08 04:45:12','2017-11-08 04:45:12'),
	(33,39,'Dwight Schuster I','At optio est excepturi est. Nulla in sunt quasi. Tempore non sunt sit est ut quos cumque.',0,'2017-11-08 04:45:12','2017-11-08 04:45:12'),
	(34,83,'Crystal Satterfield','Incidunt impedit distinctio odio commodi doloribus iusto explicabo. Quaerat quia veniam repellendus et quibusdam. Laudantium dolore qui dolorem hic. Voluptas earum recusandae officiis quidem distinctio esse.',0,'2017-11-08 04:45:12','2017-11-08 04:45:12'),
	(35,17,'Miss Cayla Legros','Impedit quo voluptates dolorum non id velit provident. Dolorum ad ea voluptatum aperiam et.',4,'2017-11-08 04:45:12','2017-11-08 04:45:12'),
	(36,4,'Nayeli Schiller','Sequi labore exercitationem voluptatem reprehenderit reiciendis possimus. Et consequatur repellendus architecto assumenda id atque sint.',5,'2017-11-08 04:45:12','2017-11-08 04:45:12'),
	(37,13,'Felipe Collins','Perspiciatis quasi maxime delectus perferendis iste voluptatem dignissimos. Ipsam iste vel tempora qui temporibus dignissimos totam. Quia corporis ea voluptatem doloremque.',1,'2017-11-08 04:45:12','2017-11-08 04:45:12'),
	(38,68,'Anya Mertz','Quis ex cumque sint et veniam. Et voluptatem reiciendis explicabo quo. Sapiente ducimus assumenda est cupiditate sequi similique voluptate. Consequatur perferendis enim omnis velit id accusantium.',1,'2017-11-08 04:45:12','2017-11-08 04:45:12'),
	(39,55,'Jada Roob','Omnis est et illo tempora nihil quis officiis vitae. Tenetur consequatur corporis veniam beatae dolor adipisci qui.',2,'2017-11-08 04:45:12','2017-11-08 04:45:12'),
	(40,58,'Prof. Ova Beer','Corporis et enim eius autem. Et molestiae dolorem aspernatur ipsum. Amet minus minima non nesciunt veniam. Aspernatur provident qui iusto cumque et neque.',3,'2017-11-08 04:45:12','2017-11-08 04:45:12'),
	(41,30,'Amelie Franecki IV','Saepe aut ut quod. Labore nam qui aut eos placeat rem tempore sit. Saepe tempora iusto provident deserunt fuga. Cumque nobis eligendi possimus eveniet dolorem.',0,'2017-11-08 04:45:12','2017-11-08 04:45:12'),
	(42,93,'Dianna Prosacco','Non ad dolor sunt excepturi eveniet ipsa. Optio dolorum aperiam beatae aliquid omnis rem. Et libero voluptatem quos.',4,'2017-11-08 04:45:12','2017-11-08 04:45:12'),
	(43,68,'Mr. Derick Carter','Voluptatibus unde fugiat sapiente autem numquam laboriosam repellendus. Suscipit et necessitatibus quia tempore. Et praesentium non aperiam beatae.',3,'2017-11-08 04:45:12','2017-11-08 04:45:12'),
	(44,85,'Cale Wolf','Reprehenderit atque debitis sit quis quia dolores. Quasi perspiciatis atque accusamus assumenda itaque.',3,'2017-11-08 04:45:12','2017-11-08 04:45:12'),
	(45,64,'Mr. Jermain King','Incidunt eveniet minus voluptatem ut. Id voluptas quas est velit quibusdam dignissimos recusandae. Voluptas reprehenderit eos enim sunt quisquam eos optio. Labore doloremque in sit molestiae ex quo dolorem.',3,'2017-11-08 04:45:12','2017-11-08 04:45:12'),
	(46,7,'Pink Wiegand','Dolorem minus quod commodi aspernatur eos. At molestiae voluptas culpa. Illo facere ea quidem eos.',5,'2017-11-08 04:45:12','2017-11-08 04:45:12'),
	(47,60,'Mr. Peter Shanahan','Eum deserunt dolores aut ut. Molestiae assumenda rem dolores earum dolor omnis ea.',0,'2017-11-08 04:45:12','2017-11-08 04:45:12'),
	(48,79,'Mr. Nicola Zboncak','Impedit voluptatem ea aperiam. Dolor accusantium tenetur nostrum. Id voluptates esse amet quia placeat. Laborum dignissimos ipsa voluptates dolor.',4,'2017-11-08 04:45:12','2017-11-08 04:45:12'),
	(49,41,'Dr. Taurean Ortiz','Maiores laborum reiciendis et non perferendis. In aut vero officia eos quisquam illum. Sit quibusdam inventore est qui facere ut.',4,'2017-11-08 04:45:12','2017-11-08 04:45:12'),
	(50,19,'Garry Padberg','Velit odio optio praesentium quis ea possimus. Dolor rerum est repellat incidunt culpa veniam possimus.',1,'2017-11-08 04:45:12','2017-11-08 04:45:12'),
	(51,87,'Florida Leffler','Veritatis repudiandae magni id. Distinctio facere qui ad eaque minima quia minima. Voluptates voluptas ut sunt ut esse consequuntur.',5,'2017-11-08 04:45:12','2017-11-08 04:45:12'),
	(52,33,'Prof. Americo Hirthe V','Dolorem dolores quae officiis soluta vel. Distinctio est ratione est totam. Ab natus incidunt a. Atque laudantium eveniet quis quam eveniet aliquid nihil culpa.',2,'2017-11-08 04:45:12','2017-11-08 04:45:12'),
	(53,79,'Reginald Satterfield','Ipsa et quaerat ullam. Perspiciatis vitae nam vel ad velit. Deserunt modi voluptas excepturi et aut aspernatur dolores. Consequuntur est molestiae ullam eum vel.',3,'2017-11-08 04:45:12','2017-11-08 04:45:12'),
	(54,89,'Aiden Hudson','Recusandae molestiae molestiae mollitia eum. Aspernatur veritatis id placeat tenetur minus et. Facere animi aliquid et autem itaque dolor. Dolorum adipisci dolorem neque nulla esse. Deserunt sequi molestiae ipsam autem.',0,'2017-11-08 04:45:12','2017-11-08 04:45:12'),
	(55,51,'Mrs. Hannah Schamberger','Reprehenderit quos dolorum corrupti aut. Sed harum aspernatur sint cumque corrupti commodi esse.',2,'2017-11-08 04:45:12','2017-11-08 04:45:12'),
	(56,39,'Dr. Ressie Schaefer','Et ut id blanditiis similique blanditiis. Culpa aut illum ipsum dolorum eum mollitia voluptas dignissimos.',2,'2017-11-08 04:45:12','2017-11-08 04:45:12'),
	(57,93,'Shanie Johnston','Saepe eum impedit beatae voluptas. Voluptatem cumque at recusandae amet.',1,'2017-11-08 04:45:12','2017-11-08 04:45:12'),
	(58,78,'Hillard Turcotte','Sed quos quod quia quisquam accusantium. Et doloremque dolore debitis aliquid. Odit mollitia distinctio tenetur. Nisi consequuntur molestiae aliquam et et et labore.',2,'2017-11-08 04:45:12','2017-11-08 04:45:12'),
	(59,44,'Charlotte Gusikowski','Excepturi quo perspiciatis magni velit enim molestiae perferendis tenetur. Qui omnis nulla molestias et. Necessitatibus quo nihil nisi non cumque quae assumenda.',1,'2017-11-08 04:45:12','2017-11-08 04:45:12'),
	(60,16,'Veda Bergnaum','Quae maxime autem quibusdam sit ad. Voluptatum magni praesentium voluptates. Aut ab ducimus sint cupiditate est qui temporibus.',2,'2017-11-08 04:45:12','2017-11-08 04:45:12'),
	(61,73,'Khalid Barrows','Quo voluptas omnis sapiente accusantium eos quasi. Quos et commodi est. Vel numquam ea deleniti non.',1,'2017-11-08 04:45:12','2017-11-08 04:45:12'),
	(62,81,'Fernando Lesch II','Beatae tempore est deserunt soluta eos qui aliquam. Necessitatibus sunt omnis eos ea sunt tenetur dolorem. Tempora et praesentium dolorum aliquid quos corporis. Dolorum quae labore est iure.',2,'2017-11-08 04:45:12','2017-11-08 04:45:12'),
	(63,71,'Dr. Shanel Witting','Ipsam eius dolorem excepturi distinctio expedita. Delectus repellat sunt sit amet modi. Accusamus quo ea ut eaque tenetur assumenda delectus quo.',4,'2017-11-08 04:45:12','2017-11-08 04:45:12'),
	(64,50,'Casey Langosh Jr.','Labore aut praesentium doloribus culpa ab rerum. Quas quia vel illo consequatur aut consequuntur. Eos quam et aut ut totam qui. Corporis incidunt deleniti corporis nobis.',5,'2017-11-08 04:45:12','2017-11-08 04:45:12'),
	(65,16,'Mrs. Onie Homenick V','Eius molestiae officia error magni fugit quibusdam temporibus. Ut sint qui eveniet quam.',2,'2017-11-08 04:45:12','2017-11-08 04:45:12'),
	(66,71,'Vicenta O\'Hara IV','Ratione reprehenderit aut mollitia corporis laudantium iste. Sint quibusdam cumque quas earum dolorum fugit. Odio quidem omnis quibusdam.',1,'2017-11-08 04:45:12','2017-11-08 04:45:12'),
	(67,71,'Elisabeth Durgan','Sed sit consequatur excepturi corporis consectetur. Quod quia quasi natus deserunt vel. Sed culpa optio assumenda sit enim.',5,'2017-11-08 04:45:12','2017-11-08 04:45:12'),
	(68,41,'Prof. Carolyn Strosin','Ut sit ut voluptatem dolorem dolorum. Cum optio aut deserunt dignissimos.',0,'2017-11-08 04:45:12','2017-11-08 04:45:12'),
	(69,11,'Prof. Mitchell Keeling','Sit natus dolorem suscipit quos ut molestiae sit. Sapiente quam eveniet repellat odio sed ut amet. Eaque est architecto facilis vel alias perspiciatis est. Ipsum quasi voluptatibus cum ea.',3,'2017-11-08 04:45:12','2017-11-08 04:45:12'),
	(70,35,'Dr. Rocio Monahan III','Sequi architecto fugiat quia debitis qui reprehenderit et. Consequuntur magni ex eos libero odit quo porro. Animi vitae illum qui nihil maxime rem quia.',5,'2017-11-08 04:45:12','2017-11-08 04:45:12'),
	(71,25,'Roxane Ankunding','Eius rerum deleniti est placeat totam atque dolore. Exercitationem esse quisquam voluptates sunt alias deserunt. Rerum cumque commodi et similique eius sit inventore. Id quia possimus et omnis tempora qui.',5,'2017-11-08 04:45:12','2017-11-08 04:45:12'),
	(72,56,'Barrett Sauer','Dolor aliquam non facere. Porro fugiat et aperiam voluptas incidunt. Ipsam vero eaque sequi dolorem consequatur est. Quibusdam quas laboriosam aut possimus ratione ad blanditiis quia. Quam unde facere ducimus dicta quo eaque.',3,'2017-11-08 04:45:12','2017-11-08 04:45:12'),
	(73,78,'Edison Gleichner DDS','Id dolorem voluptatum iure nam corrupti consequatur. Dolorem neque eius qui quia sit. Voluptatum rerum architecto possimus voluptatem voluptates et illum.',3,'2017-11-08 04:45:12','2017-11-08 04:45:12'),
	(74,94,'Loy Hettinger','Blanditiis mollitia nisi voluptas ut eum alias. Adipisci sed a et ut ex ex omnis. Ratione nesciunt molestiae non vel officia. Quidem fugiat fuga voluptatum totam.',5,'2017-11-08 04:45:12','2017-11-08 04:45:12'),
	(75,87,'Avis Denesik MD','Ad quis qui hic et voluptate aut. Itaque laborum exercitationem doloribus porro voluptatibus quam. Delectus incidunt qui neque provident sed aperiam enim. Sunt iusto aut incidunt autem eos dignissimos.',1,'2017-11-08 04:45:12','2017-11-08 04:45:12'),
	(76,78,'Miss Linda O\'Reilly','Voluptatum est debitis fugiat doloribus qui enim quo sint. Sit eos sapiente illum aperiam. Enim asperiores ratione soluta laudantium. Vero cumque est id sed velit.',3,'2017-11-08 04:45:12','2017-11-08 04:45:12'),
	(77,87,'Glen Keebler','Cumque dicta quo in sit rerum id. Aut ut aut alias quidem quam.',5,'2017-11-08 04:45:12','2017-11-08 04:45:12'),
	(78,30,'Ofelia Balistreri DDS','Ullam excepturi labore nesciunt quos quam est placeat. Dignissimos ut et maiores qui dolorum veniam qui. Magni animi quo nam. Et impedit natus et.',2,'2017-11-08 04:45:12','2017-11-08 04:45:12'),
	(79,71,'Mr. Olen Marvin PhD','Fuga ut dolorum sint repudiandae ratione molestias. Et qui porro non vero. Dignissimos ea incidunt laborum aut labore consectetur est. Est enim maiores autem magnam.',2,'2017-11-08 04:45:12','2017-11-08 04:45:12'),
	(80,83,'Miss Megane Dibbert V','Et accusamus totam animi ut aliquam ad sequi. Voluptate fugiat enim voluptatibus molestiae magni debitis deserunt quasi. Accusantium in voluptate architecto ut distinctio beatae aspernatur.',2,'2017-11-08 04:45:12','2017-11-08 04:45:12'),
	(81,30,'Rylee Jaskolski PhD','Ut dignissimos tempore nulla sapiente nostrum. Magnam dolores est nihil ex vel quae. Sunt commodi officiis mollitia hic neque. Aut doloribus impedit dolorem quia non sapiente accusantium.',5,'2017-11-08 04:45:12','2017-11-08 04:45:12'),
	(82,77,'Corine Jaskolski','Sunt qui et asperiores voluptatem. Assumenda nemo voluptatibus necessitatibus quia in. Culpa ea rerum labore cumque ad. Sapiente in autem id cumque delectus. Iste saepe maiores impedit molestiae voluptas.',1,'2017-11-08 04:45:12','2017-11-08 04:45:12'),
	(83,37,'Prof. Arely Kassulke','Dolor deserunt officia voluptates commodi et. Odio quod vitae aspernatur magni vero sed. Neque dolorum in qui ullam. Quam voluptatum aut ut ut saepe.',3,'2017-11-08 04:45:12','2017-11-08 04:45:12'),
	(84,40,'Lue Zieme','Nisi tenetur cupiditate et aut officiis in perspiciatis. Dolor culpa eius commodi consequatur ut aspernatur in. Perferendis non rerum sunt corporis velit necessitatibus. Quod quo nemo non dolorem.',2,'2017-11-08 04:45:13','2017-11-08 04:45:13'),
	(85,82,'Lupe Kuphal','At ut tempora rerum similique earum totam. Et similique quibusdam et quae. Dolor et est doloribus in beatae.',4,'2017-11-08 04:45:13','2017-11-08 04:45:13'),
	(86,51,'Gabe Dicki','Et nulla itaque aliquid aspernatur. Ut consequatur ipsum repellat sit eius. Ut est aliquid non ipsam pariatur sint quae reiciendis.',4,'2017-11-08 04:45:13','2017-11-08 04:45:13'),
	(87,72,'Miss Arianna Gerlach III','Ex voluptatum distinctio qui explicabo. Nam aperiam et quia nemo harum. Ut et harum ullam qui et. Sed quia omnis et velit at qui iure.',4,'2017-11-08 04:45:13','2017-11-08 04:45:13'),
	(88,60,'Thomas Luettgen','Qui similique nostrum atque eos voluptate. Itaque occaecati et neque repellat ab vel.',4,'2017-11-08 04:45:13','2017-11-08 04:45:13'),
	(89,99,'Jayden Strosin','Occaecati et modi aut qui. Impedit quasi amet rerum placeat qui incidunt. Tempore quo molestiae qui nulla at adipisci.',1,'2017-11-08 04:45:13','2017-11-08 04:45:13'),
	(90,87,'Philip Klein','Nesciunt aut rerum provident nihil praesentium. Enim accusantium officia recusandae. Expedita beatae minus ad provident quam. Voluptatem deleniti voluptatum et nobis ea sint aut. Consequuntur minima saepe hic.',5,'2017-11-08 04:45:13','2017-11-08 04:45:13'),
	(91,47,'Prof. Nikita Bergnaum','Pariatur recusandae vel ut fugit totam aut et. Quo dolor ducimus qui quia ea.',3,'2017-11-08 04:45:13','2017-11-08 04:45:13'),
	(92,95,'Davon Sipes','Sint porro quo asperiores cupiditate. Tempora sapiente debitis illo ut modi quis. Ut non modi autem. Laboriosam similique accusantium illo autem repellat.',5,'2017-11-08 04:45:13','2017-11-08 04:45:13'),
	(93,71,'Ms. Abigail Marvin I','Autem natus reprehenderit magnam voluptatum cum. Qui doloribus ratione corrupti aut.',4,'2017-11-08 04:45:13','2017-11-08 04:45:13'),
	(94,80,'Miss Vernice Kris','Est rerum illum molestiae debitis voluptatem neque ipsa. Minus autem dolorem et ut earum. Quae veniam officiis unde amet. Cumque similique repellat nulla saepe quo ad.',3,'2017-11-08 04:45:13','2017-11-08 04:45:13'),
	(95,87,'Prof. Anya Terry V','Cupiditate debitis est quia eum quaerat. Et eveniet deleniti qui rerum dolores consequuntur. Rerum sequi quod optio aliquid.',2,'2017-11-08 04:45:13','2017-11-08 04:45:13'),
	(96,76,'Prof. Rhoda Ortiz','Unde deleniti hic iusto deserunt fugiat architecto. Odio minus non et molestiae. Minus repellat consequatur eos assumenda placeat aut. Tempore totam ut nulla sed sit asperiores. Accusamus perspiciatis repellendus ab non praesentium animi totam.',2,'2017-11-08 04:45:13','2017-11-08 04:45:13'),
	(97,51,'Sallie Hessel','Nostrum illum aut eaque distinctio dicta. Natus facilis consectetur earum. Dolore quam nostrum aut necessitatibus maxime ut. Sed quibusdam enim voluptas voluptas consequatur.',5,'2017-11-08 04:45:13','2017-11-08 04:45:13'),
	(98,37,'Graham Kling DVM','Eos nobis exercitationem vero et. Neque odio omnis possimus dolorem dicta qui. Officia repudiandae est dolores possimus et consectetur ducimus in. Placeat architecto sed vero repellat illum voluptas.',0,'2017-11-08 04:45:13','2017-11-08 04:45:13'),
	(99,67,'Yadira Lebsack Sr.','Voluptas quis eos enim soluta modi soluta. Reiciendis voluptatem dolor quia excepturi perspiciatis dignissimos. Eos sit ut dolores nobis accusamus.',4,'2017-11-08 04:45:13','2017-11-08 04:45:13'),
	(100,90,'Arthur Heaney','Numquam ut eum minus et molestias ut. Rerum dolorem quibusdam iusto reiciendis dolor enim.',3,'2017-11-08 04:45:13','2017-11-08 04:45:13'),
	(101,80,'Miss Burdette Huel II','Cum illum omnis autem qui. Quae velit sit expedita nihil in et. Ut unde in nemo qui et pariatur. Perspiciatis aut quidem aut ut culpa consequatur.',3,'2017-11-08 04:45:13','2017-11-08 04:45:13'),
	(102,65,'Polly Gorczany','Atque id delectus expedita necessitatibus. Temporibus quae aut officia aut sit. Laudantium corporis molestiae vel amet quia aut cupiditate.',4,'2017-11-08 04:45:13','2017-11-08 04:45:13'),
	(103,54,'Mr. Ayden Schaefer','Pariatur quia mollitia magnam laudantium placeat. Quasi laborum repudiandae aut magnam quasi.',3,'2017-11-08 04:45:13','2017-11-08 04:45:13'),
	(104,64,'Jabari Berge','Fugiat ea optio sit voluptates praesentium tenetur omnis. Quis autem dolores delectus porro. Laborum eum vel nisi suscipit ad nihil. Et pariatur rerum eius ad excepturi et voluptatum deserunt.',0,'2017-11-08 04:45:13','2017-11-08 04:45:13'),
	(105,82,'Keyon Schneider','Est excepturi ipsa nostrum. Similique enim sit suscipit eius. Eum doloribus architecto nihil dicta. Est labore officia sunt et accusantium facere.',5,'2017-11-08 04:45:13','2017-11-08 04:45:13'),
	(106,84,'Odie Beer','Officia quis minima ea nesciunt quam nesciunt sint. Qui dicta quisquam necessitatibus voluptatem magni quis. Officiis quia eos voluptatem minus ut soluta. Cumque qui eum non quas et et id. Velit iste quam dignissimos est qui cumque.',2,'2017-11-08 04:45:13','2017-11-08 04:45:13'),
	(107,50,'Dr. Marjorie Schulist','Repudiandae corporis voluptatibus doloribus corporis fugiat blanditiis amet. Qui incidunt cupiditate ratione est cumque dolore doloribus voluptatem.',1,'2017-11-08 04:45:13','2017-11-08 04:45:13'),
	(108,39,'Johnpaul Hagenes','Non aut in delectus eaque. Aut deserunt atque voluptatem fuga atque. Dolores eum quisquam consequatur.',2,'2017-11-08 04:45:13','2017-11-08 04:45:13'),
	(109,65,'Kyle Stracke','Rerum mollitia debitis numquam repudiandae occaecati. Delectus excepturi omnis similique qui fugiat vitae fuga tempora. Sed totam et velit. Officiis voluptatem nesciunt libero veniam.',3,'2017-11-08 04:45:13','2017-11-08 04:45:13'),
	(110,33,'Prof. Derrick Haley','Vero possimus culpa praesentium vel. Ut officiis ut dignissimos exercitationem. Eius ipsum placeat veritatis et adipisci quia.',2,'2017-11-08 04:45:13','2017-11-08 04:45:13'),
	(111,16,'Roxanne Thompson','Sint eveniet aut voluptas sit. Distinctio maiores veritatis et ex ut. Ut nisi est asperiores omnis provident.',5,'2017-11-08 04:45:13','2017-11-08 04:45:13'),
	(112,12,'Mr. Abner Douglas V','Et non consequatur exercitationem autem quasi dolorum dolorem voluptate. Et quia accusantium rerum sed. Nobis deserunt quia minus distinctio recusandae et. Id nulla modi dignissimos consequuntur doloremque.',0,'2017-11-08 04:45:13','2017-11-08 04:45:13'),
	(113,81,'Mr. Damion Greenholt DDS','Harum natus delectus ea ducimus quia occaecati consectetur. Et cumque eos et et. Consequatur ipsa non dolor libero maiores ut. Eaque ut voluptatem doloribus et voluptatum.',3,'2017-11-08 04:45:13','2017-11-08 04:45:13'),
	(114,12,'Davion Dibbert','Nemo occaecati enim vitae enim. Ducimus velit qui error placeat aut voluptatum. Quia aperiam excepturi aut ratione laborum voluptatem. Dicta corporis maxime similique voluptas at.',3,'2017-11-08 04:45:13','2017-11-08 04:45:13'),
	(115,63,'Felicity Hand','Qui exercitationem inventore omnis praesentium esse quo et. Omnis explicabo voluptatem ut unde. Nobis necessitatibus blanditiis consectetur dolore dicta. Laborum et dolor non quam ad eius magnam.',0,'2017-11-08 04:45:13','2017-11-08 04:45:13'),
	(116,65,'Aidan Skiles','Voluptatum suscipit enim doloremque. Harum inventore sunt accusamus eius aperiam eum. Dolorem hic velit dolor. Natus ullam et ex modi expedita voluptas consequatur cumque.',5,'2017-11-08 04:45:13','2017-11-08 04:45:13'),
	(117,1,'Giuseppe Douglas','Qui nostrum temporibus mollitia et maxime ipsam et vel. Nemo voluptatibus temporibus possimus aspernatur ducimus. Omnis dolor error quo quaerat repellendus saepe.',4,'2017-11-08 04:45:13','2017-11-08 04:45:13'),
	(118,72,'Deron Rolfson','Occaecati illum corporis dolorum et. Et tempora sequi voluptates ea aliquam. Nobis rem aspernatur enim cupiditate. Sed ad tempora sequi veniam at.',0,'2017-11-08 04:45:13','2017-11-08 04:45:13'),
	(119,85,'Drew Dickens','Optio suscipit deleniti eos similique maxime et rerum maiores. Eos eligendi enim est. Nulla a expedita beatae quam officia dolores minus.',3,'2017-11-08 04:45:13','2017-11-08 04:45:13'),
	(120,51,'Miss Alysson Brekke','Repellat voluptatem aliquid et tempore quisquam illo libero. Facere praesentium odit fugit iusto. Esse veritatis ut ab et veritatis. Enim iure ut velit tempore saepe quia dolores.',0,'2017-11-08 04:45:13','2017-11-08 04:45:13'),
	(121,19,'Destiny Von','Minus dolorem eligendi sit porro et voluptatem officiis. A enim eum et praesentium distinctio qui consequatur dolorem.',4,'2017-11-08 04:45:13','2017-11-08 04:45:13'),
	(122,27,'Ms. Raquel Glover','Nam ab molestiae itaque suscipit ab ut et. Veniam sit quidem aut nam repellat blanditiis et nam. Consequatur sit eos veritatis aut aperiam provident est. Alias vel est aperiam omnis sit aliquid. Aut aut sit molestiae iste.',0,'2017-11-08 04:45:13','2017-11-08 04:45:13'),
	(123,17,'Marianne Wehner','Amet voluptas laboriosam quidem repellat recusandae cum voluptates doloremque. Sit id quo tempore voluptate nesciunt. Laborum voluptate corporis eius earum perferendis explicabo ut vero.',1,'2017-11-08 04:45:13','2017-11-08 04:45:13'),
	(124,72,'Prof. Hyman Ondricka','Temporibus quia eum aliquam et voluptatem. Et dolore est dolorem illum voluptatem similique neque. Dolores repellendus deleniti consequuntur minima et ipsa numquam.',4,'2017-11-08 04:45:13','2017-11-08 04:45:13'),
	(125,55,'Alisa Blanda V','Praesentium provident accusamus dicta consequatur et et dolor. Deserunt vitae qui omnis. Cupiditate magni omnis perspiciatis quod natus ut quam.',4,'2017-11-08 04:45:13','2017-11-08 04:45:13'),
	(126,16,'Dr. Elwin Block III','Velit quia id non recusandae sint consequatur eius. Totam voluptatum neque nesciunt vel ipsa. Quia explicabo similique rerum.',4,'2017-11-08 04:45:13','2017-11-08 04:45:13'),
	(127,59,'Bertram Rodriguez','Tempore expedita aut ea sint. Consequatur nihil ut animi autem sunt. Alias eius dicta rerum ut nobis dignissimos. Explicabo excepturi doloribus deserunt aut ut voluptate.',3,'2017-11-08 04:45:13','2017-11-08 04:45:13'),
	(128,38,'Kobe Schmeler','Autem voluptatibus hic delectus fugiat labore magni. Pariatur id omnis eligendi nemo aliquam. Eum qui at vero et aut. Numquam aut veniam dignissimos laborum.',4,'2017-11-08 04:45:13','2017-11-08 04:45:13'),
	(129,85,'Alayna Carroll','Quis corporis omnis sit temporibus pariatur. Sit natus ad quia possimus tenetur. Eum qui hic tempora qui nihil cumque tempore.',4,'2017-11-08 04:45:13','2017-11-08 04:45:13'),
	(130,57,'Odessa Pagac','Nihil nemo aut amet possimus necessitatibus. Reiciendis tempore ullam blanditiis aut ut maxime. Error mollitia asperiores quo ea. Dolorum qui quidem voluptas sed nihil ab. Et minus quo dolorem facilis facere.',1,'2017-11-08 04:45:13','2017-11-08 04:45:13'),
	(131,31,'Myah Lemke II','Libero est recusandae explicabo omnis cupiditate. Suscipit quia nemo velit cumque explicabo. Et nihil qui quia ea et doloremque aut esse.',4,'2017-11-08 04:45:13','2017-11-08 04:45:13'),
	(132,8,'Mrs. Marcelina Schiller','Voluptas quia et non veritatis quis. Facere dignissimos ea est ut recusandae commodi odit. Omnis eveniet in unde saepe est sed. Quis eligendi animi et possimus.',1,'2017-11-08 04:45:13','2017-11-08 04:45:13'),
	(133,34,'Prof. Camylle Von','Fugiat mollitia dignissimos aspernatur enim. Magnam explicabo ad nobis ut eligendi illum. Quia est optio aut labore quod sequi dolores. Et maiores iusto illum magnam voluptatum delectus laudantium qui.',4,'2017-11-08 04:45:13','2017-11-08 04:45:13'),
	(134,7,'Dr. Jace Prohaska V','Enim dolore neque sit sit eaque facere laborum. Dolores quos aut dignissimos. Qui in quae reprehenderit vel aut aut aut.',3,'2017-11-08 04:45:13','2017-11-08 04:45:13'),
	(135,55,'Stephan Bogan','Sint aperiam aliquid porro officia id quo quidem. Eveniet enim ut velit voluptate eveniet quia minima. Dolorem nulla quod ex alias beatae distinctio voluptatibus corrupti. Sed dolorem maiores recusandae reiciendis quidem laudantium. Velit qui ab perferendis asperiores aliquam.',2,'2017-11-08 04:45:13','2017-11-08 04:45:13'),
	(136,43,'Antonetta Ratke I','Eius adipisci dolor ut voluptatem vel. Saepe repellendus est nisi ipsum cumque libero. Ut suscipit nemo nesciunt.',4,'2017-11-08 04:45:13','2017-11-08 04:45:13'),
	(137,74,'Abbey Mayer','Officia velit a nihil accusantium laboriosam cupiditate nulla. Maxime alias amet ut pariatur. Aut impedit enim eum qui aut doloremque. Possimus molestias sit exercitationem voluptatum.',2,'2017-11-08 04:45:13','2017-11-08 04:45:13'),
	(138,100,'Leonor Muller','Praesentium ut facere consequatur dolor vitae illum. Est odio nemo est minus. Blanditiis et sed a ratione et voluptas eum. Quod est eius voluptatibus illo temporibus. Aliquid quidem excepturi voluptate quia fugit.',0,'2017-11-08 04:45:13','2017-11-08 04:45:13'),
	(139,94,'Prof. Creola Ryan','Aut ea illum totam libero incidunt. Et iusto est voluptas ut ratione ut. Cupiditate incidunt doloremque quia a repellat nemo qui.',5,'2017-11-08 04:45:13','2017-11-08 04:45:13'),
	(140,72,'Margie Batz','Dolorum dolorum ut ipsum et. Et laboriosam sapiente excepturi et et accusantium et. Eos qui eveniet minus possimus eos tempore.',2,'2017-11-08 04:45:13','2017-11-08 04:45:13'),
	(141,36,'Brandy Heathcote','Non cumque aut cumque et. Aliquid magni est nulla eius quibusdam molestiae repudiandae. Enim aut maiores vel adipisci ut et. Eius iste quaerat quis.',5,'2017-11-08 04:45:13','2017-11-08 04:45:13'),
	(142,41,'Dr. Juvenal Bergstrom PhD','Quia quod molestiae veritatis quia eum rerum esse. Consequatur odio quos voluptas debitis accusantium cupiditate facere non.',1,'2017-11-08 04:45:13','2017-11-08 04:45:13'),
	(143,99,'Prof. Jewel Rippin','Distinctio nihil quibusdam sit laudantium. Minima nihil consectetur necessitatibus est atque aspernatur. Atque hic nihil neque.',1,'2017-11-08 04:45:13','2017-11-08 04:45:13'),
	(144,93,'Prof. Tiffany Satterfield MD','Culpa maxime quia rem rerum illum. Dolorem sit illo voluptas suscipit. Dolor est assumenda aut esse. Id aspernatur asperiores nisi consequuntur ipsa voluptatem. Inventore voluptas doloremque dolore maiores molestias.',2,'2017-11-08 04:45:13','2017-11-08 04:45:13'),
	(145,67,'Mallie Weissnat MD','Deserunt occaecati perspiciatis et harum minima illo mollitia. Cupiditate natus qui eveniet reprehenderit et. Qui possimus nam qui cupiditate. Veniam unde autem porro repellendus voluptas.',0,'2017-11-08 04:45:13','2017-11-08 04:45:13'),
	(146,40,'Jerry Brakus','Ipsa architecto voluptate nisi. Ad deserunt a neque consectetur laudantium asperiores voluptate. Qui ducimus tempore rerum laborum magnam adipisci.',2,'2017-11-08 04:45:13','2017-11-08 04:45:13'),
	(147,79,'Drake Runolfsson PhD','Debitis vero aspernatur omnis officiis. Excepturi accusamus cumque expedita excepturi corporis enim repellat. Ut esse et ut delectus distinctio hic facere officiis.',3,'2017-11-08 04:45:13','2017-11-08 04:45:13'),
	(148,83,'Tyler Wuckert','Quis veniam ad asperiores placeat reiciendis. Sunt nam recusandae debitis. Numquam in nobis sit qui dolorum. Et nemo ex dolor vero iure cumque est.',3,'2017-11-08 04:45:13','2017-11-08 04:45:13'),
	(149,6,'Miss Carolyne Bradtke','Minima eligendi sunt dicta tempora. Nesciunt quis quasi consectetur dolor magni optio est. Reiciendis voluptatem et aspernatur quia.',1,'2017-11-08 04:45:13','2017-11-08 04:45:13'),
	(150,49,'Isaiah Koelpin','Rem sed sapiente eveniet quos optio. Natus qui aperiam consectetur magni qui rem totam. Et qui nesciunt enim voluptates non placeat.',3,'2017-11-08 04:45:13','2017-11-08 04:45:13'),
	(151,45,'Mr. Jon Swaniawski PhD','Iusto cupiditate provident maxime deleniti. Velit praesentium at est ipsam. Harum sed possimus est architecto soluta et. Commodi esse nulla minus et consequatur.',2,'2017-11-08 04:45:13','2017-11-08 04:45:13'),
	(152,87,'Elena Jerde','Eos et dolores aperiam. Sequi perferendis et aut. Tempore aliquam et nesciunt doloribus aspernatur labore. Debitis provident ut sequi.',4,'2017-11-08 04:45:13','2017-11-08 04:45:13'),
	(153,38,'Ardith Schroeder','Ut ratione dolorum omnis possimus. Corrupti velit et molestiae nihil eaque ab in. Earum dicta exercitationem quos in. Voluptatem repudiandae dolore modi debitis.',2,'2017-11-08 04:45:13','2017-11-08 04:45:13'),
	(154,85,'Cedrick Bernier','Voluptatibus amet commodi modi ab ducimus est ut. Alias ipsam placeat explicabo velit. Voluptatem natus rem quam voluptas.',0,'2017-11-08 04:45:13','2017-11-08 04:45:13'),
	(155,59,'Prof. Aidan Wisozk','Est commodi non cumque ut. Excepturi tempore sunt nihil laborum. Ad repudiandae consectetur eaque veniam dolore ab.',3,'2017-11-08 04:45:13','2017-11-08 04:45:13'),
	(156,1,'Ashlynn Rowe II','Quo suscipit voluptatibus totam est omnis neque dolorum rerum. Quos est rerum porro rerum unde. Cumque nulla nostrum assumenda. Excepturi voluptatem sint in illum rerum assumenda.',2,'2017-11-08 04:45:13','2017-11-08 04:45:13'),
	(157,20,'Alexander Hettinger DVM','Illum est voluptas sunt incidunt incidunt. Dolores magnam et quia sint. Et rerum cupiditate nihil et facilis fugiat voluptatibus.',5,'2017-11-08 04:45:13','2017-11-08 04:45:13'),
	(158,85,'Cecile Boyer','Nemo error quis voluptate est beatae aut similique nihil. At error ipsa aut ut sunt et. Distinctio et quis unde. Possimus qui ut maiores similique.',5,'2017-11-08 04:45:13','2017-11-08 04:45:13'),
	(159,52,'Dr. Marina Weissnat','Consequatur est esse vitae iure amet. Facilis optio suscipit earum placeat. Labore amet ipsa quas natus voluptatem non.',2,'2017-11-08 04:45:13','2017-11-08 04:45:13'),
	(160,78,'Prof. Katheryn Jerde','Dolorem minus nesciunt eius impedit natus veritatis quo. Aut quo odio autem maiores. Accusantium sunt aut iusto sint. Quos quia et atque exercitationem perspiciatis quia nam sint.',5,'2017-11-08 04:45:13','2017-11-08 04:45:13'),
	(161,69,'Miss Chyna Kerluke','Necessitatibus id blanditiis eum exercitationem quas placeat. Est odio id sed saepe. Quidem tenetur aut consequatur officia. Sint exercitationem quia eaque cumque.',2,'2017-11-08 04:45:13','2017-11-08 04:45:13'),
	(162,57,'Lloyd Hayes','Et ut velit ut veritatis ut labore omnis nostrum. Facilis aliquam nisi odit laborum natus. Accusantium mollitia est vel odio omnis impedit. Sunt sint recusandae ut in architecto cumque eos.',3,'2017-11-08 04:45:13','2017-11-08 04:45:13'),
	(163,43,'Golden Will MD','Ea odit veniam asperiores molestiae. Saepe rerum iste eos et quis.',4,'2017-11-08 04:45:13','2017-11-08 04:45:13'),
	(164,75,'Dr. Tierra Thompson','Sed aut non nulla sapiente consequuntur dolorem sed. Quidem iste exercitationem quia neque nesciunt eos. Iste qui iusto non voluptatum aut.',2,'2017-11-08 04:45:13','2017-11-08 04:45:13'),
	(165,8,'Lambert Cremin','Nemo molestias maiores sapiente quo. Aliquid non similique aperiam inventore. Ab non facere quam. Amet aut quas dolores et corrupti repudiandae repudiandae.',3,'2017-11-08 04:45:13','2017-11-08 04:45:13'),
	(166,68,'Carleton Wiza','Eos quae aliquam quia ea ut qui officia deleniti. Aut et id dolores. Aut voluptas autem dolorem ea est maxime est.',1,'2017-11-08 04:45:13','2017-11-08 04:45:13'),
	(167,61,'Javier Durgan','Sunt similique sunt maiores officiis sunt ratione nemo. Illo omnis laboriosam beatae culpa. Id nam ullam at eum dolore et. Necessitatibus autem velit tempore molestiae occaecati. Possimus et eos est quia nam.',5,'2017-11-08 04:45:13','2017-11-08 04:45:13'),
	(168,38,'Zack Bode V','Maxime a ut et reiciendis voluptatem animi et. Soluta distinctio ut impedit animi quo officiis. Fugiat est est dolor dolor. Est architecto necessitatibus eum eveniet aliquid in.',1,'2017-11-08 04:45:13','2017-11-08 04:45:13'),
	(169,2,'Keanu Bayer MD','Iusto temporibus laboriosam maxime enim. Cupiditate ipsum aut dolor assumenda. Quidem recusandae nobis aspernatur rem minus vitae eveniet.',4,'2017-11-08 04:45:13','2017-11-08 04:45:13'),
	(170,12,'Itzel Stracke','Ut quod voluptates minima atque consequatur sunt aut. Praesentium error eum minus quae facilis ipsa. Sed occaecati rem qui quaerat. Quisquam id reiciendis illum.',2,'2017-11-08 04:45:13','2017-11-08 04:45:13'),
	(171,17,'Kelsie Ebert','Maxime neque quidem aperiam atque est sit molestiae. Saepe repellat perferendis repellendus nesciunt eveniet unde non. Dolor rem est suscipit veritatis possimus quae nesciunt.',5,'2017-11-08 04:45:13','2017-11-08 04:45:13'),
	(172,15,'Prof. Davon Dicki V','Est quo sed officiis delectus architecto odit. Aut qui quibusdam cupiditate aliquam id voluptas. Enim minima fuga sit quis. Consectetur voluptas excepturi quod totam non.',4,'2017-11-08 04:45:13','2017-11-08 04:45:13'),
	(173,68,'Adrien Bailey Jr.','Ut eos dolorem laborum voluptas omnis. Ut dicta debitis officia dolorem doloribus nihil deleniti.',0,'2017-11-08 04:45:13','2017-11-08 04:45:13'),
	(174,62,'Reina Schmitt','Quia tempore et aut modi. Asperiores quis perferendis quo. Voluptates laboriosam est sed nobis vitae. Facilis hic vero sit.',5,'2017-11-08 04:45:13','2017-11-08 04:45:13'),
	(175,100,'Prof. Yasmin Mraz I','Placeat esse dolores ut ut. Quo itaque ea dolorem et quia odio aut. Iste est maxime dolore harum labore. Velit suscipit error debitis quos animi ipsa.',5,'2017-11-08 04:45:13','2017-11-08 04:45:13'),
	(176,26,'Dr. Quentin Hyatt','Sed quia officiis maiores quia optio ducimus quos. Et veniam sed nulla sed et. Quae est provident non qui iure.',1,'2017-11-08 04:45:13','2017-11-08 04:45:13'),
	(177,32,'Ms. Claire Fisher PhD','Iusto aspernatur at sapiente quae odio. Et vero veritatis deserunt debitis illum aliquam quis. Exercitationem sequi quo nihil a libero nostrum blanditiis dolorem. Consequatur est ipsum dolore eligendi.',2,'2017-11-08 04:45:13','2017-11-08 04:45:13'),
	(178,19,'Dr. Denis Sauer','Neque ut eligendi ab ducimus inventore qui iusto odio. Consequatur earum consequatur quam consequatur animi. Recusandae dolor fuga aliquam esse nisi eum et. Voluptatem reprehenderit error ut facilis officia voluptates est earum. Et dolore voluptatem voluptatum id cupiditate sint voluptatibus.',2,'2017-11-08 04:45:13','2017-11-08 04:45:13'),
	(179,82,'Dr. Domenica Kulas','Iure porro quos maxime eaque delectus hic. Itaque rerum ipsam doloribus molestiae. Laboriosam ea placeat praesentium soluta aut neque.',5,'2017-11-08 04:45:13','2017-11-08 04:45:13'),
	(180,6,'Reilly Macejkovic','Esse qui voluptatibus sed sit distinctio. Nemo ut quo perspiciatis nobis amet corrupti sunt. Temporibus iure qui veritatis aut nihil esse. Tempore voluptatem nesciunt quia optio quia.',1,'2017-11-08 04:45:13','2017-11-08 04:45:13'),
	(181,7,'Sister Gusikowski','Assumenda eveniet qui modi deserunt sapiente. Quis omnis sint neque exercitationem.',3,'2017-11-08 04:45:13','2017-11-08 04:45:13'),
	(182,58,'Consuelo Kunde MD','Esse aut repellat ad. Expedita voluptas repudiandae neque est. Ullam atque accusantium veritatis quasi. Quia et eveniet alias et aspernatur iste.',1,'2017-11-08 04:45:13','2017-11-08 04:45:13'),
	(183,33,'Norwood King','Facere perferendis aut rem dignissimos omnis. Molestiae quae perferendis dicta temporibus atque. Aliquid autem sed voluptate at est iusto facere sunt.',1,'2017-11-08 04:45:13','2017-11-08 04:45:13'),
	(184,78,'Bo Gutmann','A aliquam corrupti rerum vel. Incidunt molestias sapiente ipsum similique quas quo ut. Omnis quo occaecati inventore qui perferendis quia quia. Laboriosam et occaecati omnis sunt quos.',2,'2017-11-08 04:45:13','2017-11-08 04:45:13'),
	(185,78,'Holly Veum','Fugiat corrupti in quia deserunt molestiae. Voluptates adipisci dignissimos et voluptatem modi voluptatem est. Reprehenderit labore iste voluptatem veritatis.',3,'2017-11-08 04:45:13','2017-11-08 04:45:13'),
	(186,82,'Dr. Eriberto Bruen','Molestiae optio qui et quis consequuntur perferendis. Et consequatur temporibus sunt dolores aut cumque laborum ipsa. Et est aut consectetur autem ipsam sed reprehenderit. Dolore voluptatum veniam molestias esse quae harum.',0,'2017-11-08 04:45:13','2017-11-08 04:45:13'),
	(187,57,'Mr. Markus Brown IV','Et qui harum sunt autem. Veniam ea facilis aut aut. Iste dicta iusto necessitatibus sunt et et asperiores itaque.',5,'2017-11-08 04:45:13','2017-11-08 04:45:13'),
	(188,34,'Mr. Cordelia Leuschke I','Reiciendis animi laboriosam voluptate et. Doloremque quia eos illo et veniam ex modi. Quod enim voluptas repellendus est aut est recusandae est.',5,'2017-11-08 04:45:13','2017-11-08 04:45:13'),
	(189,40,'Dr. Hermann Veum','Similique commodi est nemo magni iusto saepe. Vitae dolorem quia aut quibusdam vero illo. Aut exercitationem asperiores quis amet.',3,'2017-11-08 04:45:13','2017-11-08 04:45:13'),
	(190,2,'Eudora Hickle','Repellat doloribus sapiente quod autem ab ea. Voluptates non et blanditiis eum error nam. Ut laudantium tempora est cumque qui assumenda. Harum ipsum temporibus fuga molestias et.',4,'2017-11-08 04:45:13','2017-11-08 04:45:13'),
	(191,11,'Jaleel Auer','Id quas iure eum recusandae. Iusto mollitia ullam sed repudiandae. Unde ducimus aspernatur sed. Earum mollitia officiis non aut reprehenderit soluta quidem.',3,'2017-11-08 04:45:13','2017-11-08 04:45:13'),
	(192,10,'Pattie Funk','Autem blanditiis iure in voluptatum. Rem ullam molestias a tempore magnam sint. Fugit magni eos aut excepturi.',0,'2017-11-08 04:45:13','2017-11-08 04:45:13'),
	(193,64,'Ms. Jada Auer','Ea voluptatem saepe earum eveniet ipsum consectetur. Expedita qui facilis veniam ipsum. Magni cupiditate deserunt ut enim et. Eligendi est est tenetur ex.',2,'2017-11-08 04:45:13','2017-11-08 04:45:13'),
	(194,17,'Elian Casper','Eaque est magnam quia non temporibus natus incidunt. Veritatis molestias qui doloremque delectus est perspiciatis sit omnis. Ab sed consequuntur libero ducimus nam sequi reiciendis.',0,'2017-11-08 04:45:13','2017-11-08 04:45:13'),
	(195,12,'Adeline Hartmann','In occaecati et enim possimus amet facilis blanditiis et. Commodi consectetur sunt cum. Corrupti qui omnis magni expedita ea sed eligendi. Autem aut dolorem illo architecto ipsum quis exercitationem.',0,'2017-11-08 04:45:13','2017-11-08 04:45:13'),
	(196,77,'Desmond Abernathy','Fugiat maiores dicta voluptates aut est qui. Aliquam voluptas odit rerum dolor voluptatum ab distinctio qui. Commodi nihil ducimus magni magni est accusantium.',4,'2017-11-08 04:45:13','2017-11-08 04:45:13'),
	(197,40,'Mrs. Alana Hahn','Est molestiae sed quod est. Magni velit optio provident eum dolorem doloremque aut est. Id error facere voluptatum temporibus. Consequatur alias dolore ut porro dolores ipsam facilis.',1,'2017-11-08 04:45:13','2017-11-08 04:45:13'),
	(198,63,'Annamae Turner','Veniam provident illum quibusdam deserunt vel. Libero qui aut minima et. Voluptatem commodi quibusdam aut ad facere incidunt nulla repellendus.',3,'2017-11-08 04:45:13','2017-11-08 04:45:13'),
	(199,84,'Lorenzo Reichel','Fugit quo ex et corporis reprehenderit explicabo. Ut quae sint labore quis quasi quo. Iusto a officia recusandae qui eum sit dolore. Animi ad minus autem nihil cum fuga culpa.',2,'2017-11-08 04:45:13','2017-11-08 04:45:13'),
	(200,8,'Filiberto Stehr','Doloremque laboriosam rem itaque. Sunt harum cupiditate qui voluptates quibusdam. Laborum fugiat ex voluptates aliquam fuga iste. Aut repudiandae et qui voluptatibus cum vero dolorem.',4,'2017-11-08 04:45:13','2017-11-08 04:45:13'),
	(201,46,'Kelvin Huels','Architecto rerum necessitatibus blanditiis dolor ducimus molestiae qui. Est sit eum similique enim. Necessitatibus quas quod quidem. Et sunt eius nisi ex vitae consectetur iste.',3,'2017-11-08 04:45:13','2017-11-08 04:45:13'),
	(202,2,'Alicia Mertz','Eos et est atque omnis temporibus sequi. Nemo in et consequatur voluptate consectetur facilis.',2,'2017-11-08 04:45:13','2017-11-08 04:45:13'),
	(203,28,'Dr. Omer D\'Amore III','Nihil sed porro saepe quia error qui minus. Molestiae fugit doloremque vitae voluptatem. Non cupiditate et in. Eius et et vitae voluptatem.',3,'2017-11-08 04:45:13','2017-11-08 04:45:13'),
	(204,88,'Oran Cassin','Deleniti exercitationem consequatur et ut recusandae quia natus sunt. Blanditiis et dolorem molestias officia non quis velit. Et animi est ut.',2,'2017-11-08 04:45:13','2017-11-08 04:45:13'),
	(205,51,'Lionel Gulgowski','Eum natus debitis exercitationem ut quisquam sapiente. Est blanditiis dolore molestiae eos tenetur debitis. Reiciendis eius consequatur et placeat consequatur.',3,'2017-11-08 04:45:13','2017-11-08 04:45:13'),
	(206,55,'Riley Reynolds','Distinctio voluptatum libero nihil voluptatem. Ut est velit sit. Debitis illo omnis ipsam aperiam ea cum est. Molestiae veritatis ut consequatur velit.',4,'2017-11-08 04:45:13','2017-11-08 04:45:13'),
	(207,94,'Carmela Hane','Earum vel in commodi magnam adipisci numquam. Ut nulla qui sapiente ut quidem aut vero debitis. Porro quae unde nihil dolor officia culpa nemo.',2,'2017-11-08 04:45:13','2017-11-08 04:45:13'),
	(208,90,'Weston Shanahan','Aliquam omnis sit quo. In molestias qui ipsa nobis vero labore minima. Blanditiis velit illo debitis vitae sint.',3,'2017-11-08 04:45:13','2017-11-08 04:45:13'),
	(209,73,'Kari Durgan','Tempore nostrum possimus amet placeat saepe aliquam dignissimos distinctio. Consectetur ad qui cum sunt tempora sunt. Eaque fugit voluptatibus eum. Tempora debitis aliquam doloremque quo ea est. Quidem rem in repudiandae sit maxime.',4,'2017-11-08 04:45:13','2017-11-08 04:45:13'),
	(210,40,'Watson Haag I','Officiis modi voluptatem quidem doloremque. Libero sunt et et qui. Rerum voluptatibus natus reprehenderit aliquam optio labore est.',0,'2017-11-08 04:45:13','2017-11-08 04:45:13'),
	(211,41,'Narciso Ankunding II','Quae itaque minima qui ea distinctio quaerat. Soluta expedita et sed dicta numquam et dolorem. Unde omnis iusto quae voluptates reiciendis corporis reprehenderit.',4,'2017-11-08 04:45:13','2017-11-08 04:45:13'),
	(212,61,'Audreanne Kemmer','Veritatis illum sunt impedit et quia illo repellendus tempora. Exercitationem debitis possimus consectetur illum cum dignissimos et. Sunt quas quo natus ea fugit placeat perferendis fugit. Sint facilis voluptate optio quia aperiam.',5,'2017-11-08 04:45:13','2017-11-08 04:45:13'),
	(213,82,'Alba Ledner Sr.','Consequatur nostrum asperiores ipsa deleniti nam. Neque deserunt tenetur repellendus distinctio enim explicabo. Aut ut sapiente fugit ipsa qui.',0,'2017-11-08 04:45:13','2017-11-08 04:45:13'),
	(214,32,'Maia Little','Quibusdam enim deserunt autem hic optio ratione nobis. Neque quidem expedita maiores libero est distinctio nesciunt.',3,'2017-11-08 04:45:13','2017-11-08 04:45:13'),
	(215,49,'Miss Anjali Parker III','Aspernatur et dolor dolorem. Praesentium omnis et dolor commodi. Itaque atque dicta quos et mollitia eum natus fugiat. Est occaecati sunt blanditiis.',3,'2017-11-08 04:45:13','2017-11-08 04:45:13'),
	(216,72,'Hope Luettgen','Quisquam voluptatem et laborum dolorem pariatur quaerat et sed. Occaecati ullam sequi non. Aliquid expedita repudiandae exercitationem. Non commodi adipisci rem enim at.',1,'2017-11-08 04:45:13','2017-11-08 04:45:13'),
	(217,98,'Kolby Doyle','Consequuntur hic optio culpa velit fugiat. Magnam qui sunt assumenda quaerat explicabo. Doloribus iure qui aut nihil officiis dolorem alias. Delectus quam labore voluptatem omnis corporis accusantium laboriosam.',3,'2017-11-08 04:45:13','2017-11-08 04:45:13'),
	(218,55,'Stevie Crist','Sed facere ad fugiat tempore nulla. Est voluptas cupiditate reiciendis. Quo voluptas enim qui. Impedit quidem quisquam corporis molestiae a officia aspernatur.',2,'2017-11-08 04:45:13','2017-11-08 04:45:13'),
	(219,56,'Ms. Theresa Hilpert II','At minus ratione quibusdam ex. Et aspernatur dolor distinctio temporibus. Possimus ut incidunt quos est expedita error quod.',1,'2017-11-08 04:45:13','2017-11-08 04:45:13'),
	(220,32,'Isai Wilkinson II','Optio ea est ut quod natus suscipit. Quos vero ut aspernatur culpa et quo. Ab veniam est et enim aperiam enim et. Vitae assumenda nihil nihil ullam autem minus aut.',5,'2017-11-08 04:45:13','2017-11-08 04:45:13'),
	(221,57,'Ada Altenwerth','Deserunt ut possimus ea et autem. Voluptas laborum alias in et veritatis aut maiores voluptatem. Excepturi fugiat qui recusandae animi molestiae nemo magni. Ut dolores incidunt aut nisi ut laudantium.',2,'2017-11-08 04:45:13','2017-11-08 04:45:13'),
	(222,66,'Shanie Dach I','Quam in voluptatem est qui et adipisci. Aut reiciendis molestiae temporibus sit deleniti optio. Non sed ab consequatur qui reiciendis sed. Iste et aut unde rem a.',2,'2017-11-08 04:45:13','2017-11-08 04:45:13'),
	(223,62,'Bulah Bechtelar','Sed vero consequatur omnis ea sunt. Ipsa excepturi maiores sequi dolor alias. Ab et magnam aut non quisquam expedita est explicabo. Fugiat et quia minus nostrum placeat aut sapiente.',2,'2017-11-08 04:45:13','2017-11-08 04:45:13'),
	(224,7,'Raquel Hills','Hic consequatur eos optio et qui possimus est vero. Quaerat exercitationem aperiam et placeat et blanditiis. Et est consequatur est exercitationem sunt et alias repellendus.',3,'2017-11-08 04:45:13','2017-11-08 04:45:13'),
	(225,5,'Darrel Murphy','Labore nam ipsam fugit ut et tempore. Nihil facilis sunt est aut dolor sunt. Dolorem perferendis excepturi dolores sit unde vitae maiores.',1,'2017-11-08 04:45:13','2017-11-08 04:45:13'),
	(226,97,'Mr. Robbie Prohaska Sr.','Voluptatem illo reiciendis et asperiores expedita. Fugit recusandae error rem fugit. Et est reprehenderit alias.',3,'2017-11-08 04:45:13','2017-11-08 04:45:13'),
	(227,33,'Dr. Corbin Gutkowski','Vel mollitia ea quasi id deserunt rem sapiente. Eum repellendus repellendus dolorem adipisci molestias consequatur odio.',0,'2017-11-08 04:45:13','2017-11-08 04:45:13'),
	(228,24,'Maye Hartmann','Animi repellendus officiis nihil sint atque pariatur. Libero odio quae dicta sit et adipisci adipisci. Velit et deleniti temporibus enim quisquam optio. Et voluptates autem consequatur consectetur nihil.',5,'2017-11-08 04:45:13','2017-11-08 04:45:13'),
	(229,9,'Samantha Parker','Eveniet aut consequatur omnis eos est. Omnis quos est reprehenderit aut est. Exercitationem quia sapiente rerum dolorem. Tempore et omnis quos aut rerum qui.',3,'2017-11-08 04:45:13','2017-11-08 04:45:13'),
	(230,100,'Mr. Regan Waters','Odit placeat magni qui officiis molestiae omnis soluta. Quod est at aliquam sed quae. Dolorem quaerat itaque in rerum voluptatem minima pariatur. Ut et quisquam repellendus eius.',2,'2017-11-08 04:45:13','2017-11-08 04:45:13'),
	(231,31,'Prof. Sigrid Schmidt I','Quos unde laudantium quia harum. Consectetur est nulla eaque quis maxime.',0,'2017-11-08 04:45:13','2017-11-08 04:45:13'),
	(232,83,'Mrs. Ara Smith','Ut libero corporis eos ipsa quam saepe. Est cum voluptatibus eum et tenetur explicabo quae. Consectetur commodi nam facere voluptas ratione accusamus.',4,'2017-11-08 04:45:13','2017-11-08 04:45:13'),
	(233,93,'Roxanne Balistreri','Dolorem quia et alias est et eligendi. Excepturi ab magni eum perferendis excepturi officia rem. Quasi sunt ut qui voluptatum ea rem. Impedit id accusamus tenetur magnam.',3,'2017-11-08 04:45:13','2017-11-08 04:45:13'),
	(234,72,'Melba Dach','Laudantium necessitatibus quo temporibus repudiandae tempore. Doloremque et veritatis minus quo ducimus omnis. Officia nihil laborum vero molestiae id et incidunt. Temporibus tempore eaque id ut vitae omnis.',2,'2017-11-08 04:45:13','2017-11-08 04:45:13'),
	(235,83,'Demetris Lakin','Harum sunt repellat nihil totam et est quia dicta. Voluptatem ut quam sit ea et necessitatibus mollitia. Quae aut quia qui ut sint earum quisquam.',4,'2017-11-08 04:45:13','2017-11-08 04:45:13'),
	(236,7,'Laura Greenfelder DDS','Delectus aut facere qui mollitia repudiandae. Excepturi illum iure sunt non possimus vitae omnis perspiciatis. Cum excepturi vel illo.',3,'2017-11-08 04:45:13','2017-11-08 04:45:13'),
	(237,92,'Alva West','Eum explicabo non ut sequi aut. Animi vitae qui eveniet est.',5,'2017-11-08 04:45:13','2017-11-08 04:45:13'),
	(238,83,'Yessenia Gerhold','Fugiat mollitia sed ad non impedit dolores. Distinctio laboriosam corrupti amet eos. In eum ipsum ea facere consequatur adipisci facere debitis. Consequuntur sed consequatur molestiae doloribus animi.',3,'2017-11-08 04:45:13','2017-11-08 04:45:13'),
	(239,75,'Earl DuBuque','Explicabo maiores ex iusto fuga nostrum error aut. Consequuntur omnis cum neque et earum. Deserunt animi aliquam recusandae ipsa odit odio.',1,'2017-11-08 04:45:13','2017-11-08 04:45:13'),
	(240,26,'Alexandre Predovic','Cumque rerum velit est exercitationem reprehenderit doloremque illo. Dolore debitis quae sed natus et. Fugit rerum eveniet quisquam sunt qui provident quam aut. Quo nobis ducimus doloribus voluptates nihil. Iure eum qui accusantium reprehenderit.',4,'2017-11-08 04:45:13','2017-11-08 04:45:13'),
	(241,27,'Johan Green I','Inventore sed praesentium quibusdam architecto. Quia nihil non maiores aliquid nihil. Quo aut necessitatibus necessitatibus ut consequuntur illo.',2,'2017-11-08 04:45:13','2017-11-08 04:45:13'),
	(242,8,'Noah Muller','Optio soluta harum nesciunt eum voluptates modi. Porro ut consectetur dolor placeat dolores distinctio aspernatur. Ut et adipisci quidem iure non. Cupiditate doloribus minima et aut.',0,'2017-11-08 04:45:13','2017-11-08 04:45:13'),
	(243,79,'Mr. Wilburn Gerlach','Voluptatem ut possimus architecto vitae illo expedita sequi. Est quis quam et aut sit eaque consequatur vitae. Quos dolorem accusantium est deserunt. Est eveniet et debitis officiis atque molestiae qui. Labore rerum reiciendis impedit ipsa.',5,'2017-11-08 04:45:13','2017-11-08 04:45:13'),
	(244,76,'Nicole Orn','Eveniet dignissimos veritatis laudantium distinctio. Assumenda qui eveniet magni id impedit. Consectetur rerum reprehenderit eum dolorem.',3,'2017-11-08 04:45:13','2017-11-08 04:45:13'),
	(245,83,'Santiago Larson','Nostrum qui repellendus molestiae et. Quisquam atque molestiae molestiae doloribus. Sequi et nostrum repudiandae non soluta. Asperiores voluptate sequi porro quas perspiciatis reiciendis consequatur.',5,'2017-11-08 04:45:13','2017-11-08 04:45:13'),
	(246,27,'Miss Brittany Langosh','Et consectetur aperiam itaque non deserunt enim. Sunt dolor qui est accusantium dolor nam quia. Porro incidunt omnis est sed.',3,'2017-11-08 04:45:13','2017-11-08 04:45:13'),
	(247,38,'Maggie Rowe','Delectus nulla exercitationem sequi. Aperiam sit temporibus ipsa eum. Voluptas temporibus aliquid voluptates dolores consectetur autem est consequuntur. Voluptas minima eos repellendus enim numquam.',3,'2017-11-08 04:45:13','2017-11-08 04:45:13'),
	(248,63,'Nathanial Kautzer DDS','Dolores officia consequatur ad rerum. Corrupti id est dolores a ut debitis. Eius et error illo harum. Incidunt enim esse nulla explicabo dolores.',5,'2017-11-08 04:45:13','2017-11-08 04:45:13'),
	(249,94,'Angel Weissnat','Et cumque qui blanditiis atque. Rerum molestiae repudiandae officia facere deserunt laudantium cumque. Dolores eius deserunt nobis ducimus tempore laboriosam.',2,'2017-11-08 04:45:13','2017-11-08 04:45:13'),
	(250,1,'Coby Pagac','Eius quasi modi alias nostrum. Commodi asperiores nam modi quis voluptatem. Molestiae debitis optio occaecati id qui ut.',1,'2017-11-08 04:45:13','2017-11-08 04:45:13'),
	(251,12,'Alva Auer','Ad consequatur quis ab voluptatem et deserunt similique. Dolore deserunt nihil tempore aut laudantium fugit nam nulla. Illum sit asperiores corporis vitae. Ea quia eos repellendus odit occaecati cupiditate.',5,'2017-11-08 04:45:13','2017-11-08 04:45:13'),
	(252,77,'Stanford Renner','Cumque et doloremque laborum nobis atque. Blanditiis sed sit vel expedita autem quia. Explicabo iure tenetur dolor voluptates maxime officiis. Dolore soluta enim eum distinctio.',4,'2017-11-08 04:45:13','2017-11-08 04:45:13'),
	(253,97,'Mrs. Alda Grant IV','Quae reiciendis in ipsum laborum a. Esse qui quam aut delectus. Alias ut dolorem dolore quia iure in. Natus repellat architecto voluptas ad dolores. Ipsum quis accusantium aut ab dolorem sed.',1,'2017-11-08 04:45:13','2017-11-08 04:45:13'),
	(254,77,'Else Gerlach MD','Ad adipisci labore quis culpa mollitia iusto. Enim tempora dolore et repellendus maiores cumque sint. Rem rem autem rerum est sunt omnis. Consequatur est est corrupti illum sed.',5,'2017-11-08 04:45:13','2017-11-08 04:45:13'),
	(255,13,'Dr. Tyrese Hansen','Ut possimus aliquam beatae qui quo vero. Dignissimos rem qui non impedit. Qui odio est ea voluptatem iste dolorem.',0,'2017-11-08 04:45:13','2017-11-08 04:45:13'),
	(256,28,'Ansel Kutch I','Corporis sint laboriosam eaque ullam soluta. Excepturi veritatis incidunt deleniti ut at placeat. Neque assumenda rem non. Quia in est est nisi. Quo ut et dolor architecto sunt et quisquam.',2,'2017-11-08 04:45:13','2017-11-08 04:45:13'),
	(257,26,'Jadyn Conn II','Non deleniti atque numquam aut vel omnis repellat. Est mollitia nulla voluptas quis voluptates consequatur. Laudantium nobis voluptatibus veritatis quia voluptatem libero. Quisquam eaque rem ducimus est et.',1,'2017-11-08 04:45:13','2017-11-08 04:45:13'),
	(258,70,'Mr. Ruben Senger II','Nobis ducimus magni explicabo molestiae. Magni non quae fugit. Similique distinctio voluptatem ea nostrum sed et temporibus. Dolor voluptatem doloremque praesentium doloribus perspiciatis. In fugiat delectus quae aspernatur.',1,'2017-11-08 04:45:13','2017-11-08 04:45:13'),
	(259,78,'Dr. Josephine Koss PhD','Nesciunt voluptatem maiores dignissimos porro. Quia nesciunt eos deserunt cumque fuga. Quia molestiae eligendi autem accusantium.',4,'2017-11-08 04:45:13','2017-11-08 04:45:13'),
	(260,63,'Isabell West','Non ea excepturi est dolor eaque maxime. Impedit placeat temporibus placeat exercitationem neque non sunt. Eaque voluptatem voluptatibus iusto quibusdam facilis ut omnis quo. Dignissimos et consequatur quia enim voluptatem sit laudantium.',1,'2017-11-08 04:45:13','2017-11-08 04:45:13'),
	(261,50,'Miss Georgianna Krajcik','Aut sequi voluptate quis. Quis voluptatum ratione consequuntur tempora voluptatem non. Atque ex iste voluptatem minus dolore ea. Ut consequatur cum impedit consectetur at.',0,'2017-11-08 04:45:13','2017-11-08 04:45:13'),
	(262,55,'Prof. Kamryn Pagac','Reiciendis sapiente repellat qui ut molestiae quos. Consequuntur omnis ad saepe non sit est.',4,'2017-11-08 04:45:13','2017-11-08 04:45:13'),
	(263,78,'Leopold Frami','Voluptatem dicta culpa expedita culpa minus delectus. Sunt tempore est dolor modi laudantium ea. Vel quo incidunt error consequatur pariatur commodi qui.',1,'2017-11-08 04:45:13','2017-11-08 04:45:13'),
	(264,57,'Rosina Stoltenberg','Et excepturi in eos ut qui. Praesentium facere iure dolorum sequi. Nulla est fuga rerum.',2,'2017-11-08 04:45:13','2017-11-08 04:45:13'),
	(265,20,'Camille Rau','Velit minus voluptate sed est dicta. Delectus quia porro perspiciatis impedit ut eos dolorum. Magni labore possimus vel distinctio ea aut doloremque similique. Nobis dolor explicabo cupiditate est harum ut sint.',3,'2017-11-08 04:45:13','2017-11-08 04:45:13'),
	(266,77,'Royal Ward II','Debitis reprehenderit doloribus molestiae maxime dicta velit incidunt. Facilis ut minus et exercitationem autem. Porro numquam ut perspiciatis ut ducimus vel voluptatem. Consequuntur voluptas praesentium qui molestiae neque aperiam.',5,'2017-11-08 04:45:13','2017-11-08 04:45:13'),
	(267,95,'Carmelo Barton','Autem eos laboriosam dolorem veniam ea iure voluptatum. Qui qui aliquam et optio. Explicabo recusandae non fuga.',4,'2017-11-08 04:45:13','2017-11-08 04:45:13'),
	(268,83,'Dr. Elouise O\'Conner III','Quis dolorum suscipit reiciendis non quaerat natus incidunt. Alias molestiae delectus sunt non. Nobis qui quod repellendus voluptatum impedit qui nostrum nisi. Asperiores fuga corporis accusantium voluptate.',3,'2017-11-08 04:45:13','2017-11-08 04:45:13'),
	(269,94,'Prof. Vidal Kirlin III','Amet animi nobis et praesentium repellat est et. Voluptatem aut impedit atque magnam. Debitis eaque harum mollitia doloribus ea aperiam.',4,'2017-11-08 04:45:13','2017-11-08 04:45:13'),
	(270,72,'Dr. Lloyd Hartmann II','Velit doloribus soluta quia nesciunt aperiam. Aliquam quisquam quaerat delectus nam et et. Porro pariatur laboriosam est hic et similique. Reprehenderit nulla repellat molestiae ipsum dicta ut quis.',3,'2017-11-08 04:45:13','2017-11-08 04:45:13'),
	(271,73,'Mr. Jaylen Shields','Illum omnis iusto unde quas autem quos. Aliquam quo nulla vel sit laudantium aut. Explicabo et non ipsam. Ipsa aut error voluptate aut exercitationem et.',2,'2017-11-08 04:45:13','2017-11-08 04:45:13'),
	(272,78,'Mrs. Mariela Abernathy','Odio voluptates pariatur sed doloremque ut numquam. Reiciendis similique odio reprehenderit commodi dolores deserunt. Et dolores facilis sit autem.',4,'2017-11-08 04:45:13','2017-11-08 04:45:13'),
	(273,57,'Lurline Williamson IV','Architecto quo consequuntur voluptatem. Beatae ratione tempore eum voluptatem animi repellendus. Officiis rerum est qui et.',2,'2017-11-08 04:45:13','2017-11-08 04:45:13'),
	(274,67,'Dr. Lawson Bernhard','Tempora harum repellendus praesentium. Ratione illo quas aut est eius alias nihil. Nam nesciunt provident perspiciatis amet est id. Dolore est veniam sit. Eos officia sed nobis quas nisi occaecati.',0,'2017-11-08 04:45:13','2017-11-08 04:45:13'),
	(275,5,'Giuseppe Lebsack I','Non facere magnam enim at vel. Voluptatum veritatis quos laborum repellat voluptate. Facere et nobis reprehenderit nobis ut iusto qui. Est quod consequuntur debitis odio sint.',2,'2017-11-08 04:45:13','2017-11-08 04:45:13'),
	(276,34,'Keara Price','Numquam ratione incidunt quos saepe. Et nostrum repudiandae deserunt qui totam. Consequuntur consequuntur voluptas quis.',0,'2017-11-08 04:45:13','2017-11-08 04:45:13'),
	(277,96,'Willy Ortiz','Vero laboriosam beatae quidem pariatur deleniti nihil est. Qui consectetur quia atque iste et praesentium.',5,'2017-11-08 04:45:13','2017-11-08 04:45:13'),
	(278,45,'Prof. Ceasar Stiedemann MD','Est sequi aperiam quibusdam non officiis. Quo facilis maiores veniam voluptatem exercitationem consectetur dolorem. Quaerat voluptatem illo totam et. Illo fuga repellat dolor nemo.',3,'2017-11-08 04:45:13','2017-11-08 04:45:13'),
	(279,18,'Pat Kulas','Totam doloremque qui tempore neque sit dolorem ad blanditiis. Maxime expedita expedita quo deserunt mollitia. Et autem et fuga ipsa qui.',3,'2017-11-08 04:45:13','2017-11-08 04:45:13'),
	(280,97,'Jevon Donnelly II','Ut alias quos qui fuga cumque commodi facere. Ducimus illo quae et repellendus quae. Expedita impedit voluptatem sunt ab repellendus.',3,'2017-11-08 04:45:13','2017-11-08 04:45:13'),
	(281,57,'Dr. Sebastian Mraz','Ab eos ut ad eaque vel suscipit. Fugiat ducimus eius pariatur eum. Quaerat quo autem dolorum et modi error ut. Consequatur molestiae omnis ea perferendis.',1,'2017-11-08 04:45:13','2017-11-08 04:45:13'),
	(282,59,'Oliver Kiehn IV','Omnis sit accusamus repudiandae suscipit enim delectus. Voluptas consequatur qui nemo. Voluptate et quis ut asperiores incidunt recusandae.',1,'2017-11-08 04:45:13','2017-11-08 04:45:13'),
	(283,4,'Carlie Kessler','Accusamus quidem cum expedita deleniti officiis alias consequatur vero. Laborum vitae in accusantium et autem voluptatem qui est. Et repellat explicabo alias ut nam consequatur.',0,'2017-11-08 04:45:13','2017-11-08 04:45:13'),
	(284,66,'Orie Mitchell','Accusamus temporibus adipisci voluptate quasi qui eum. Voluptas aut id eveniet voluptates. Et dolorem perferendis dolore nisi magni nihil quia. Ullam accusamus dolor accusamus similique amet sit eveniet officia.',4,'2017-11-08 04:45:13','2017-11-08 04:45:13'),
	(285,78,'Mrs. Marcelle Hilll','Et ut sunt quae ullam sit distinctio perspiciatis. Illum ut sed temporibus deserunt illum. Voluptates quas dolorum autem neque non hic reiciendis.',1,'2017-11-08 04:45:13','2017-11-08 04:45:13'),
	(286,50,'Katrina Stokes','Doloribus dolore doloremque quo dolores cumque sed. Natus quia molestias maiores inventore. Quis provident et et aut sint delectus temporibus.',0,'2017-11-08 04:45:13','2017-11-08 04:45:13'),
	(287,73,'Miss Georgianna Kemmer','Ea dolores rerum a animi quibusdam magnam doloribus. Tempore quis expedita aut odio porro aut. Tenetur temporibus omnis sed a ipsa.',2,'2017-11-08 04:45:13','2017-11-08 04:45:13'),
	(288,88,'Caleb Auer','Minima rerum vel natus eos. Ea sit non aut voluptates. Incidunt et minus facere quia voluptate. Iste consequatur quam quam consequatur ut sequi porro.',3,'2017-11-08 04:45:13','2017-11-08 04:45:13'),
	(289,61,'Everette Koch','Alias quae ipsam aut enim aut. Repellendus voluptatem et et. Tempora id minus earum impedit illo est.',2,'2017-11-08 04:45:13','2017-11-08 04:45:13'),
	(290,62,'Prof. Torrey Orn','Dolore consequatur quo doloremque rerum doloribus dolor. Velit quo et dolores.',5,'2017-11-08 04:45:13','2017-11-08 04:45:13'),
	(291,71,'Ms. Elise Schaden IV','Quos ex corrupti rerum voluptatem maiores labore. Voluptatem fugit nesciunt quaerat.',4,'2017-11-08 04:45:13','2017-11-08 04:45:13'),
	(292,71,'Matilda Stracke','Aliquam aperiam et est eos rem. Accusantium ut dolorum ea dolore omnis blanditiis.',0,'2017-11-08 04:45:13','2017-11-08 04:45:13'),
	(293,4,'Braden Crooks','Dolorem modi voluptate asperiores eligendi voluptas delectus quis. Vel rerum sunt quisquam incidunt sed.',5,'2017-11-08 04:45:13','2017-11-08 04:45:13'),
	(294,57,'Ashton Konopelski','Deserunt consectetur omnis qui sit magni exercitationem. Debitis vel facere facere iure. Quos aut est exercitationem quasi. Ut quidem distinctio culpa aut.',0,'2017-11-08 04:45:13','2017-11-08 04:45:13'),
	(295,8,'Quincy Predovic III','Nesciunt dolore expedita minus distinctio illo. Est rerum iusto neque aut et sed velit. Harum qui aut repudiandae et aut. Quas dolorem quia enim rerum eum qui perferendis.',5,'2017-11-08 04:45:13','2017-11-08 04:45:13'),
	(296,4,'Dr. Madonna Lynch DVM','Eligendi qui laudantium rem harum est culpa rerum voluptas. Quia autem aut minima omnis. Sapiente unde porro perspiciatis rerum minus in. Nihil iusto ut officia sed cum quos.',3,'2017-11-08 04:45:13','2017-11-08 04:45:13'),
	(297,88,'Prof. Henderson Heidenreich Sr.','Quia tempora debitis quia vel magnam sed. Officia voluptas id id est. Neque dolores asperiores nisi ab aut et qui.',5,'2017-11-08 04:45:13','2017-11-08 04:45:13'),
	(298,62,'Scotty Langosh','Et vel asperiores provident quia aut eum. Consequuntur omnis at inventore reiciendis possimus tenetur quisquam. Et esse incidunt a quia et est et.',1,'2017-11-08 04:45:13','2017-11-08 04:45:13'),
	(299,44,'Meredith Turcotte','Atque quia aut repellat rerum. Consequatur repudiandae corporis voluptatem. Quidem rerum et ut. Nesciunt ut praesentium est laborum aut.',4,'2017-11-08 04:45:13','2017-11-08 04:45:13'),
	(300,78,'Dr. Maverick Quigley','Sed id eos quo qui rem. Et et rerum esse ut ullam. Ipsa voluptas aut rerum quas.',1,'2017-11-08 04:45:13','2017-11-08 04:45:13');

/*!40000 ALTER TABLE `reviews` ENABLE KEYS */;
UNLOCK TABLES;


# Dump of table users
# ------------------------------------------------------------

DROP TABLE IF EXISTS `users`;

CREATE TABLE `users` (
  `id` int(10) unsigned NOT NULL AUTO_INCREMENT,
  `name` varchar(255) COLLATE utf8mb4_unicode_ci NOT NULL,
  `email` varchar(255) COLLATE utf8mb4_unicode_ci NOT NULL,
  `password` varchar(255) COLLATE utf8mb4_unicode_ci NOT NULL,
  `remember_token` varchar(100) COLLATE utf8mb4_unicode_ci DEFAULT NULL,
  `created_at` timestamp NULL DEFAULT NULL,
  `updated_at` timestamp NULL DEFAULT NULL,
  PRIMARY KEY (`id`),
  UNIQUE KEY `users_email_unique` (`email`)
) ENGINE=InnoDB DEFAULT CHARSET=utf8mb4 COLLATE=utf8mb4_unicode_ci;




/*!40111 SET SQL_NOTES=@OLD_SQL_NOTES */;
/*!40101 SET SQL_MODE=@OLD_SQL_MODE */;
/*!40014 SET FOREIGN_KEY_CHECKS=@OLD_FOREIGN_KEY_CHECKS */;
/*!40101 SET CHARACTER_SET_CLIENT=@OLD_CHARACTER_SET_CLIENT */;
/*!40101 SET CHARACTER_SET_RESULTS=@OLD_CHARACTER_SET_RESULTS */;
/*!40101 SET COLLATION_CONNECTION=@OLD_COLLATION_CONNECTION */;
